"","Ashfield (A)","Auburn (C)","Ballarat (C)","Bankstown (C)","Banyule (C)","Baw Baw (S)","Bayside (C)","Blacktown (C)","Blue Mountains (C)","Boroondara (C)","Botany Bay (C)","Brimbank (C)","Burwood (A)","Camden (A)","Campbelltown (C)","Canada Bay (A)","Canterbury (C)","Cardinia (S)","Casey (C)","Cessnock (C)","Darebin (C)","Fairfield (C)","Frankston (C)","Glen Eira (C)","Gosford (C)","Greater Bendigo (C)","Greater Dandenong (C)","Greater Geelong (C)","Greater Shepparton (C)","Hawkesbury (C)","Hobsons Bay (C)","Holroyd (C)","Hornsby (A)","Hume (C)","Hurstville (C)","Kiama (A)","Kingston (C)","Knox (C)","Kogarah (C)","Ku-ring-gai (A)","Lake Macquarie (C)","Lane Cove (A)","Latrobe (C)","Leichhardt (A)","Liverpool (C)","Macedon Ranges (S)","Maitland (C)","Manly (A)","Manningham (C)","Maribyrnong (C)","Maroondah (C)","Marrickville (A)","Melbourne (C)","Melton (S)","Mitchell (S)","Monash (C)","Moonee Valley (C)","Moorabool (S)","Moreland (C)","Mornington Peninsula (S)","Mosman (A)","Newcastle (C)","Nillumbik (S)","North Sydney (A)","Parramatta (C)","Penrith (C)","Pittwater (A)","Port Phillip (C)","Port Stephens (A)","Randwick (C)","Rockdale (C)","Ryde (C)","Shellharbour (C)","Shoalhaven (C)","Stonnington (C)","Strathfield (A)","Sutherland Shire (A)","Sydney (C)","Warringah (A)","Waverley (A)","Whitehorse (C)","Whittlesea (C)","Willoughby (C)","Wingecarribee (A)","Wollondilly (A)","Wollongong (C)","Woollahra (A)","Wyndham (C)","Wyong (A)","Yarra (C)","Yarra Ranges (S)"
"population"," 41000"," 76000"," 80000","187000","110000"," 24000"," 86000","305000"," 77000","152000"," 40000","156000"," 33000"," 56000","152000"," 78000","145000"," 60000","233000"," 51000","126000","195000","113000","120000","166000"," 89000","119000","195000"," 57000"," 63000"," 77000","101000","161000","144000"," 80000"," 21000","133000","148000"," 59000","112000","198000"," 33000"," 67000"," 54000","183000"," 19000"," 70000"," 41000","113000"," 64000"," 95000"," 77000"," 61000"," 87000"," 22000","162000","107000"," 18000","129000","122000"," 29000","153000"," 63000"," 64000","168000","184000"," 59000"," 71000"," 67000","128000","102000","104000"," 67000"," 96000"," 86000"," 36000","219000","175000","144000"," 68000","146000","134000"," 69000"," 46000"," 44000","201000"," 55000","129000","150000"," 65000","132000"
"no_of_households"," 17000"," 25000"," 34000"," 63000"," 42000"," 11000"," 34000","101000"," 30000"," 58000"," 16000"," 57000"," 12000"," 19000"," 51000"," 31000"," 53000"," 22000"," 77000"," 19000"," 51000"," 61000"," 45000"," 50000"," 66000"," 37000"," 45000"," 77000"," 21000"," 22000"," 31000"," 37000"," 57000"," 49000"," 30000","  8000"," 52000"," 51000"," 22000"," 38000"," 76000"," 13000"," 27000"," 25000"," 59000","  7000"," 25000"," 17000"," 39000"," 26000"," 37000"," 34000"," 34000"," 30000","  7000"," 60000"," 42000","  6000"," 54000"," 51000"," 12000"," 65000"," 19000"," 34000"," 63000"," 64000"," 22000"," 39000"," 26000"," 54000"," 39000"," 41000"," 24000"," 39000"," 38000"," 13000"," 81000"," 92000"," 55000"," 31000"," 56000"," 45000"," 28000"," 18000"," 15000"," 79000"," 25000"," 44000"," 59000"," 31000"," 48000"
"average_household_size","2.4","3.0","2.4","2.9","2.6","2.1","2.5","3.0","2.6","2.6","2.6","2.7","2.8","3.0","3.0","2.5","2.7","2.8","3.0","2.6","2.5","3.2","2.5","2.4","2.5","2.4","2.6","2.5","2.7","2.8","2.5","2.7","2.8","2.9","2.7","2.6","2.5","2.9","2.7","2.9","2.6","2.4","2.4","2.2","3.1","2.9","2.7","2.4","2.9","2.4","2.6","2.3","1.8","2.9","3.1","2.7","2.5","3.0","2.4","2.4","2.3","2.4","3.3","1.9","2.7","2.9","2.7","1.8","2.6","2.4","2.6","2.5","2.8","2.5","2.3","2.8","2.7","1.9","2.6","2.2","2.6","3.0","2.5","2.5","3.0","2.5","2.2","2.9","2.6","2.1","2.7"
"trips_av_weekday"," 149000"," 292000"," 320418"," 608000"," 432422"," 126878"," 366477","1050000"," 256000"," 587445"," 149000"," 490743"," 116000"," 206000"," 503000"," 322000"," 464000"," 201564"," 765797"," 166000"," 394307"," 594000"," 381210"," 512621"," 627000"," 337995"," 376704"," 711027"," 196265"," 234000"," 281527"," 340000"," 618000"," 441741"," 293000","  78000"," 464980"," 517261"," 217000"," 462000"," 808000"," 137000"," 234169"," 244000"," 596000","  87471"," 239000"," 202000"," 382312"," 214131"," 343783"," 292000"," 277118"," 281863","  85403"," 500015"," 369818","  62677"," 501339"," 476483"," 136000"," 629000"," 218363"," 276000"," 605000"," 689000"," 257000"," 323269"," 219000"," 539000"," 323000"," 390000"," 273000"," 353000"," 333671"," 101000"," 921000"," 745000"," 556000"," 305000"," 519245"," 400036"," 306000"," 169000"," 170000"," 825000"," 254000"," 471651"," 591000"," 263359"," 503149"
"trips_av_weekend","144000","231000","272779","595000","416319"," 83760","350741","891000","361000","564183","141000","397097"," 99000","142000","390000","274000","450000","177924","608612","154000","462450","570000","323559","435391","616000","278956","320681","589390","155910","176000","202781","273000","557000","348901","304000"," 85000","383910","386693","206000","370000","610000"," 92000","193111","257000","586000"," 49890","167000","141000","390927","202874","298303","285000","328546","295548"," 32280","447485","318037"," 24871","441119","398694","102000","567000","212100","242000","475000","601000","141000","337950","194000","516000","318000","345000","181000","323000","331152","146000","773000","787000","615000","317000","455328","332279","247000","123000","141000","812000","240000","392663","467000","293003","509364"
"trips_per_person_weekday","3.6","3.9","4.0","3.3","3.9","5.3","4.3","3.4","3.3","3.9","3.7","3.1","3.6","3.7","3.3","4.1","3.2","3.4","3.3","3.3","3.1","3.0","3.4","4.3","3.8","3.8","3.2","3.6","3.5","3.7","3.7","3.4","3.8","3.1","3.7","3.8","3.5","3.5","3.7","4.1","4.1","4.2","3.5","4.5","3.3","4.7","3.4","4.9","3.4","3.4","3.6","3.8","4.5","3.3","3.9","3.1","3.4","3.5","3.9","3.9","4.7","4.1","3.5","4.3","3.6","3.7","4.3","4.5","3.3","4.2","3.2","3.7","4.0","3.7","3.9","2.8","4.2","4.3","3.9","4.5","3.6","3.0","4.4","3.7","3.9","4.1","4.6","3.7","3.9","4.0","3.8"
"trips_per_person_weekend","3.5","3.1","3.4","3.2","3.8","3.5","4.1","2.9","4.7","3.7","3.5","2.5","3.0","2.5","2.6","3.5","3.1","3.0","2.6","3.0","3.7","2.9","2.9","3.6","3.7","3.1","2.7","3.0","2.8","2.8","2.6","2.7","3.4","2.4","3.8","4.1","2.9","2.6","3.5","3.3","3.1","2.8","2.9","4.7","3.2","2.7","2.4","3.4","3.5","3.2","3.1","3.7","5.4","3.4","1.5","2.8","3.0","1.4","3.4","3.3","3.6","3.7","3.4","3.8","2.8","3.3","2.4","4.7","2.9","4.0","3.1","3.3","2.7","3.4","3.9","4.0","3.5","4.5","4.3","4.6","3.1","2.5","3.6","2.7","3.2","4.0","4.4","3.1","3.1","4.5","3.9"
"trips_per_household_weekday"," 8.7","11.6"," 9.5"," 9.6","10.2","11.4","10.9","10.4"," 8.6","10.1"," 9.5"," 8.6"," 9.8","11.1"," 9.8","10.3"," 8.8"," 9.3"," 9.9"," 8.6"," 7.8"," 9.7"," 8.4","10.2"," 9.5"," 9.2"," 8.3"," 9.2"," 9.2","10.5"," 9.2"," 9.2","10.9"," 9.0"," 9.8"," 9.7"," 8.9","10.1","10.0","12.1","10.6","10.3"," 8.5"," 9.7","10.1","13.5"," 9.4","11.7"," 9.8"," 8.2"," 9.3"," 8.6"," 8.2"," 9.4","11.9"," 8.4"," 8.8","10.7"," 9.3"," 9.3","10.9"," 9.7","11.5"," 8.2"," 9.6","10.8","11.8"," 8.2"," 8.4"," 9.9"," 8.2"," 9.4","11.4"," 9.1"," 8.8"," 7.9","11.3"," 8.1","10.1"," 9.8"," 9.3"," 9.0","11.0"," 9.3","11.6","10.5","10.1","10.7","10.1"," 8.5","10.4"
"trips_per_household_weekend"," 8.4"," 9.2"," 8.1"," 9.4"," 9.8"," 7.5","10.4"," 8.8","12.1"," 9.7"," 9.1"," 7.0"," 8.3"," 7.7"," 7.6"," 8.8"," 8.5"," 8.2"," 7.9"," 7.9"," 9.1"," 9.3"," 7.1"," 8.7"," 9.3"," 7.6"," 7.1"," 7.6"," 7.3"," 7.9"," 6.6"," 7.4"," 9.8"," 7.1","10.2","10.7"," 7.3"," 7.6"," 9.5"," 9.7"," 8.0"," 6.9"," 7.0","10.3"," 9.9"," 7.7"," 6.6"," 8.2","10.0"," 7.8"," 8.1"," 8.4"," 9.7"," 9.9"," 4.5"," 7.5"," 7.5"," 4.2"," 8.2"," 7.8"," 8.2"," 8.8","11.1"," 7.2"," 7.5"," 9.4"," 6.4"," 8.6"," 7.5"," 9.5"," 8.1"," 8.3"," 7.5"," 8.3"," 8.8","11.4"," 9.5"," 8.6","11.1","10.1"," 8.2"," 7.5"," 8.9"," 6.8"," 9.7","10.3"," 9.6"," 8.9"," 8.0"," 9.5","10.5"
"commute1"," 25000"," 39000"," 78000"," 93000","102000"," 49000"," 81000","178000"," 33000","146000"," 22000","149000"," 23000"," 30000"," 85000"," 47000"," 69000"," 52000","214000"," 27000","112000","113000","107000","109000"," 80000"," 87000","111000","161000"," 58000"," 36000"," 71000"," 59000"," 92000","131000"," 44000"," 11000","127000","136000"," 38000"," 63000"," 93000"," 18000"," 57000"," 42000"," 88000"," 22000"," 33000"," 30000"," 95000"," 56000"," 86000"," 61000","105000"," 80000"," 33000","142000","108000"," 14000","132000","116000"," 18000"," 89000"," 56000"," 55000","113000","105000"," 33000"," 95000"," 30000"," 81000"," 55000"," 75000"," 35000"," 33000"," 86000"," 20000","127000","147000"," 79000"," 41000","140000","119000"," 44000"," 16000"," 27000"," 97000"," 36000","152000"," 66000"," 82000","129000"
"work_related_business1","  9000"," 28000"," 38000"," 36000"," 54000"," 28000"," 37000","110000"," 25000"," 67000","  9000"," 59000","  9000"," 22000"," 37000"," 30000"," 23000"," 28000"," 86000"," 24000"," 50000"," 44000"," 53000"," 54000"," 53000"," 42000"," 52000"," 83000"," 29000"," 32000"," 34000"," 35000"," 44000"," 60000"," 28000","  7000"," 60000"," 68000"," 20000"," 30000"," 65000"," 10000"," 26000"," 25000"," 63000","  7000"," 28000"," 29000"," 47000"," 30000"," 44000"," 24000"," 55000"," 40000"," 13000"," 68000"," 49000"," 11000"," 63000"," 57000","  8000"," 44000"," 29000"," 21000"," 60000"," 84000"," 23000"," 58000"," 28000"," 47000"," 33000"," 32000"," 33000"," 33000"," 47000"," 10000"," 80000"," 53000"," 35000"," 22000"," 67000"," 54000"," 14000"," 17000"," 16000"," 78000"," 20000"," 70000"," 56000"," 43000"," 72000"
"education_child_care1","  9000"," 36000"," 32000"," 58000"," 42000"," 22000"," 34000","102000"," 26000"," 57000"," 12000"," 51000"," 11000"," 21000"," 48000"," 27000"," 38000"," 15000"," 74000"," 17000"," 43000"," 63000"," 31000"," 71000"," 46000"," 39000"," 40000"," 73000"," 19000"," 23000"," 21000"," 44000"," 56000"," 49000"," 23000","  7000"," 46000"," 44000"," 16000"," 40000"," 58000"," 10000"," 27000"," 16000"," 63000"," 11000"," 19000"," 14000"," 32000"," 22000"," 38000"," 19000"," 28000"," 29000","  5000"," 48000"," 39000","  5000"," 59000"," 63000","  9000"," 39000"," 24000"," 10000"," 56000"," 76000"," 17000"," 35000"," 17000"," 39000"," 36000"," 28000"," 27000"," 19000"," 40000","  8000"," 75000"," 43000"," 43000"," 19000"," 44000"," 36000"," 22000"," 12000"," 24000"," 61000"," 11000"," 40000"," 46000"," 30000"," 48000"
"shopping"," 29000"," 50000"," 71000"," 92000","102000"," 23000"," 72000","153000"," 40000","124000"," 21000"," 97000"," 19000"," 28000"," 88000"," 52000"," 80000"," 41000","148000"," 26000"," 95000"," 95000"," 78000","110000","114000"," 68000"," 78000","162000"," 40000"," 30000"," 52000"," 52000"," 98000"," 72000"," 40000"," 11000","110000"," 95000"," 28000"," 80000","161000"," 21000"," 51000"," 45000"," 94000"," 18000"," 42000"," 23000"," 83000"," 43000"," 74000"," 46000"," 58000"," 51000"," 12000","105000"," 78000"," 11000"," 88000","119000"," 18000","121000"," 44000"," 51000"," 94000"," 93000"," 40000"," 69000"," 40000"," 86000"," 53000"," 70000"," 40000"," 63000"," 77000"," 17000","138000","137000"," 96000"," 48000","108000"," 82000"," 50000"," 32000"," 27000","145000"," 42000"," 72000","101000"," 63000","112000"
"personal_business1","12000","18000","31000","43000","38000","22000","33000","52000","26000","53000","10000","49000"," 8000","11000","30000","26000","34000","14000","66000","15000","40000","36000","29000","63000","55000","38000","35000","70000","18000","18000","18000","25000","43000","44000","14000"," 5000","44000","41000","14000","29000","77000","12000","25000","14000","34000","12000","18000","15000","30000","19000","35000","21000","26000","30000"," 4000","45000","37000"," 5000","53000","62000","11000","54000","23000","21000","35000","46000","23000","32000","15000","29000","22000","20000","20000","39000","38000"," 7000","63000","50000","47000","21000","39000","32000","26000","20000","11000","55000","21000","34000","59000","27000","47000"
"social_recreation1"," 40000"," 56000"," 90000","128000","126000"," 38000","105000","194000"," 55000","174000"," 37000","114000"," 28000"," 51000"," 92000"," 66000","120000"," 43000","199000"," 32000","117000","109000"," 88000","174000","148000"," 97000","102000","196000"," 48000"," 42000"," 70000"," 62000","158000","112000"," 69000"," 25000","119000","121000"," 50000","113000","191000"," 37000"," 65000"," 68000","123000"," 18000"," 60000"," 49000","106000"," 69000"," 85000"," 73000"," 99000"," 72000"," 14000","136000","102000"," 11000","156000","138000"," 40000","170000"," 63000"," 77000","114000","130000"," 65000","112000"," 50000","152000"," 50000"," 93000"," 65000","100000","116000"," 20000","248000","205000","138000"," 95000","148000","103000"," 82000"," 42000"," 29000","241000"," 72000"," 99000","143000"," 91000","139000"
"serve_passenger1"," 22000"," 54000"," 36000","146000"," 57000","  3000"," 49000","241000"," 42000"," 62000"," 33000"," 72000"," 15000"," 37000","113000"," 61000"," 91000"," 26000"," 92000"," 20000"," 40000","121000"," 48000"," 62000","119000"," 41000"," 44000"," 78000"," 22000"," 48000"," 34000"," 57000","109000"," 60000"," 70000"," 10000"," 53000"," 71000"," 40000"," 90000","149000"," 23000"," 26000"," 21000","122000"," 12000"," 35000"," 33000"," 60000"," 20000"," 42000"," 37000"," 20000"," 36000"," 14000"," 55000"," 42000","  6000"," 55000"," 47000"," 23000"," 95000"," 30000"," 24000","121000","139000"," 45000"," 27000"," 32000"," 83000"," 67000"," 60000"," 48000"," 56000"," 24000"," 17000","157000"," 53000"," 97000"," 47000"," 73000"," 40000"," 58000"," 25000"," 31000","132000"," 35000"," 85000","110000"," 13000"," 64000"
"other","  3000"," 10000"," 52000"," 13000"," 65000"," 14000"," 71000"," 20000","  8000","110000","  5000"," 62000","  3000","  6000"," 10000"," 14000"," 10000"," 38000"," 95000","  6000"," 74000"," 13000"," 61000"," 74000"," 13000"," 53000"," 51000","123000"," 29000","  6000"," 48000","  6000"," 17000"," 66000","  5000","  2000"," 71000"," 77000","  9000"," 16000"," 13000","  6000"," 37000"," 12000","  9000"," 12000","  3000","  8000"," 70000"," 32000"," 60000"," 12000"," 37000"," 64000"," 14000"," 70000"," 54000"," 10000"," 71000"," 71000","  9000"," 15000"," 36000"," 18000"," 12000"," 16000"," 10000"," 46000","  8000"," 22000","  7000"," 12000","  5000"," 10000"," 54000","  3000"," 32000"," 56000"," 19000"," 12000"," 68000"," 55000"," 11000","  5000","  5000"," 16000"," 16000"," 76000"," 10000"," 38000"," 89000"
"vehicle_driver1"," 63000","141000","181000","318000","248000"," 53000","190000","576000","134000","289000"," 65000","260000"," 53000","128000","280000","162000","227000","110000","388000","109000","186000","320000","218000","267000","351000","189000","200000","393000","113000","150000","144000","179000","340000","241000","158000"," 48000","253000","291000","119000","253000","493000"," 60000","132000"," 80000","342000"," 48000","137000"," 91000","221000"," 98000","189000","115000"," 84000","160000"," 46000","285000","176000"," 35000","227000","302000"," 54000","351000","130000"," 90000","317000","404000","141000","135000","143000","224000","163000","193000","155000","200000","147000"," 49000","512000","168000","304000","120000","301000","220000","131000","104000","106000","432000","108000","253000","345000"," 86000","315000"
"vehicle_passenger1"," 25000"," 60000"," 84000","157000","102000"," 20000"," 82000","272000"," 51000","148000"," 35000","139000"," 19000"," 55000","136000"," 68000","109000"," 58000","228000"," 33000","101000","155000"," 92000","120000","150000"," 92000","100000","183000"," 51000"," 56000"," 68000"," 72000","133000","124000"," 73000"," 18000","106000","135000"," 47000"," 99000","194000"," 24000"," 58000"," 30000","153000"," 19000"," 64000"," 35000","108000"," 43000"," 88000"," 40000"," 22000"," 99000"," 27000","117000"," 78000"," 15000","111000","110000"," 26000","146000"," 62000"," 33000","135000","177000"," 54000"," 45000"," 52000","115000"," 68000"," 94000"," 73000"," 95000"," 64000"," 17000","223000"," 56000","119000"," 48000","123000","106000"," 66000"," 41000"," 38000","192000"," 38000","134000","162000"," 39000","131000"
"train1","12000","41000"," 4000","41000","18000"," 1000","19000","44000","13000","35000"," 2000","28000","17000"," 4000","22000","12000","31000"," 4000","17000","    0","26000","39000"," 8000","32000","23000"," 3000","21000","13000","    0"," 5000","17000","22000","49000","17000","27000","    0","24000","12000","17000","42000"," 8000"," 4000"," 1000"," 6000","25000"," 1000"," 1000"," 2000"," 7000","17000","12000","27000"," 9000","13000"," 3000","25000","25000"," 1000","18000"," 4000","    0"," 4000"," 9000","20000","44000","22000"," 1000","17000","    0"," 5000","43000","23000"," 2000"," 3000","33000","12000","51000","43000"," 6000","11000","20000"," 9000","19000"," 1000"," 4000","20000","11000","20000","12000","14000","16000"
"bus1"," 9000"," 6000"," 8000","21000"," 5000","    0"," 5000","49000","12000"," 6000","19000","16000"," 9000"," 6000","23000","15000","22000"," 3000","23000"," 8000","15000","27000"," 5000"," 7000","26000"," 9000","20000","16000"," 7000"," 7000"," 8000","19000","22000","11000"," 8000"," 2000","14000","13000"," 8000","13000","27000","13000"," 6000","31000","31000"," 3000"," 7000","19000","18000","10000"," 7000","26000"," 3000"," 4000"," 2000","12000","12000"," 1000","10000","16000","17000","18000"," 5000","20000","33000","19000","11000"," 6000"," 7000","57000","21000","29000"," 7000"," 8000"," 4000"," 5000","20000","76000","38000","29000","17000","11000","16000"," 6000"," 9000","24000","15000","14000","18000"," 3000","10000"
"walk_only1"," 43000"," 63000"," 46000"," 97000"," 86000"," 45000"," 94000","137000"," 54000","181000"," 30000"," 97000"," 24000"," 17000"," 51000"," 68000"," 88000"," 30000","113000"," 15000","160000"," 81000"," 59000","133000"," 93000"," 43000"," 93000","111000"," 18000"," 19000"," 63000"," 58000","100000"," 60000"," 40000"," 10000","110000"," 63000"," 35000"," 82000"," 86000"," 37000"," 30000"," 91000"," 67000","  9000"," 26000"," 47000"," 81000"," 85000"," 65000"," 87000","225000"," 42000"," 12000","117000","136000","  5000","154000"," 52000"," 38000","105000"," 36000","108000"," 98000"," 82000"," 46000","182000"," 17000","140000"," 54000"," 63000"," 35000"," 46000","176000"," 23000","137000","386000"," 90000"," 93000","105000"," 64000"," 76000"," 18000"," 16000","158000"," 78000"," 86000"," 65000","161000"," 63000"
"other_modes1"," 3000"," 3000"," 7000"," 8000","12000"," 1000","17000","22000","10000","44000"," 3000","11000"," 3000"," 3000","14000"," 9000"," 6000"," 3000","10000"," 3000","49000"," 7000"," 9000","25000","16000"," 8000"," 7000","15000"," 4000"," 2000","14000"," 6000","16000"," 9000"," 2000"," 2000","16000"," 9000"," 1000"," 8000","12000"," 4000"," 4000","17000"," 8000"," 2000"," 5000","17000"," 6000","19000"," 6000","14000","58000"," 6000"," 2000","15000","32000","    0","59000"," 8000","10000","14000"," 3000","12000"," 7000"," 7000","23000","53000","    0","14000"," 3000"," 9000"," 7000"," 8000","35000"," 1000","18000","40000","16000","18000","18000"," 7000"," 9000"," 3000"," 4000","22000","14000","10000"," 5000","51000"," 9000"
"commute2"," 252000"," 555000"," 749000","1282000","1080000"," 979000"," 807000","2986000"," 692000","1060000"," 187000","1748000"," 216000"," 714000","1891000"," 469000"," 780000"," 956000","3154000"," 348000"," 937000","1686000","1485000"," 928000","2015000"," 862000","1270000","2339000"," 622000"," 724000"," 940000"," 783000","1571000","1932000"," 576000"," 250000","1481000","1611000"," 419000"," 782000","1563000"," 149000"," 700000"," 336000","1529000"," 378000"," 519000"," 308000","1010000"," 492000","1133000"," 484000"," 522000","1538000"," 704000","1532000","1151000"," 329000","1088000","1994000"," 139000"," 823000"," 748000"," 394000","1615000","2170000"," 519000"," 770000"," 513000"," 658000"," 624000"," 868000"," 469000"," 472000"," 708000"," 255000","2116000"," 976000"," 959000"," 338000","1556000","1503000"," 363000"," 361000"," 940000","1873000"," 282000","2437000","1555000"," 493000","1868000"
"work_related_business2","  74000"," 252000"," 481000"," 576000"," 733000"," 489000"," 459000","1871000"," 532000"," 633000"," 126000"," 788000"," 105000"," 505000"," 780000"," 294000"," 274000"," 691000","1566000"," 441000"," 511000"," 685000"," 934000"," 520000","1176000"," 599000"," 686000","1469000"," 367000"," 653000"," 479000"," 511000"," 527000","1097000"," 295000"," 108000"," 787000","1030000"," 245000"," 324000","1219000","  87000"," 408000"," 201000","1146000"," 132000"," 334000"," 178000"," 596000"," 267000"," 667000"," 248000"," 293000"," 936000"," 270000"," 791000"," 464000"," 279000"," 618000","1043000","  45000"," 588000"," 508000"," 227000"," 738000","1849000"," 270000"," 544000"," 464000"," 461000"," 352000"," 401000"," 757000"," 566000"," 423000"," 108000","1014000"," 347000"," 395000"," 180000","1055000"," 893000"," 121000"," 389000"," 288000","1400000"," 249000","1193000","1400000"," 334000","1296000"
"education_child_care2"," 42000","226000","395000","359000","334000"," 77000","219000","707000","228000","535000"," 42000","494000"," 69000","211000","319000","112000","186000","243000","789000","122000","305000","379000","382000","478000","378000","436000","297000","828000","280000","252000","463000","216000","413000","645000","109000"," 93000","449000","375000","167000","281000","468000"," 58000","352000"," 84000","600000","143000","130000"," 90000","315000","134000","364000"," 66000","236000","291000"," 40000","346000","288000"," 28000","497000","699000"," 48000","213000","219000"," 43000","323000","505000","153000","260000","194000","156000","298000","184000","157000","124000","402000"," 55000","592000","134000","273000"," 55000","364000","283000","138000","143000","416000","359000"," 39000","414000","482000","225000","367000"
"shopping2"," 102000"," 232000"," 477000"," 361000"," 535000","  22000"," 380000"," 768000"," 344000"," 577000","  56000"," 587000","  63000"," 226000"," 598000"," 325000"," 269000"," 485000","1145000"," 262000"," 467000"," 501000"," 520000"," 458000"," 888000"," 498000"," 415000","1050000"," 294000"," 288000"," 402000"," 201000"," 542000"," 500000"," 232000","  98000"," 642000"," 523000"," 149000"," 407000","1200000","  84000"," 502000"," 118000"," 582000"," 211000"," 286000","  72000"," 584000"," 146000"," 357000"," 138000"," 156000"," 383000"," 146000"," 731000"," 360000"," 102000"," 507000"," 944000","  54000"," 551000"," 379000"," 115000"," 450000"," 610000"," 156000"," 250000"," 350000"," 288000"," 152000"," 284000"," 226000"," 775000"," 287000","  58000"," 765000"," 250000"," 419000"," 139000"," 540000"," 542000"," 152000"," 267000"," 406000"," 845000","  98000"," 447000"," 874000"," 181000"," 733000"
"personal_business2"," 57000"," 93000","404000","214000","321000"," 77000","209000","394000","364000","491000"," 51000","462000"," 28000","134000","239000","106000","141000","236000","750000","179000","274000","246000","371000","453000","553000","427000","282000","753000","230000","201000","458000","166000","304000","624000"," 52000"," 68000","428000","368000"," 79000","151000","751000"," 43000","339000"," 43000","268000","143000","183000"," 85000","306000","124000","340000"," 67000","202000","282000"," 29000","321000","508000"," 28000","457000","700000"," 35000","302000","199000"," 69000","229000","365000","142000","236000","217000","125000","153000","104000","171000","432000","397000"," 28000","363000","124000","312000"," 73000","333000","272000","199000","256000","136000","397000"," 85000","374000","691000","219000","369000"
"social_recreation2"," 238000"," 290000","1146000"," 954000","1086000"," 148000"," 644000","2031000"," 496000","1612000"," 378000","1005000"," 203000"," 766000"," 865000"," 285000"," 753000"," 833000","2396000"," 459000"," 773000"," 870000","1166000","1096000","1403000","1237000"," 910000","2314000","1064000"," 691000","1047000"," 477000","1460000","1906000"," 542000"," 252000","1406000","1344000"," 284000"," 865000","1668000"," 138000"," 903000"," 252000","1636000"," 242000"," 675000"," 254000"," 996000"," 592000"," 837000"," 315000"," 526000"," 714000"," 140000","1311000","1113000"," 107000","1177000","1591000"," 153000"," 861000"," 814000"," 385000"," 805000","1362000"," 438000"," 599000"," 803000"," 593000"," 332000"," 681000"," 675000","1541000"," 973000"," 124000","1887000"," 816000"," 978000"," 264000","2012000","1057000"," 493000"," 595000"," 397000","1918000"," 286000"," 979000","1538000"," 654000","1526000"
"serve_passenger2"," 120000"," 223000"," 260000"," 650000"," 366000","   8000"," 289000","1559000"," 423000"," 372000"," 158000"," 427000","  85000"," 384000"," 840000"," 201000"," 392000"," 254000"," 812000"," 116000"," 215000"," 613000"," 343000"," 303000"," 916000"," 278000"," 338000"," 643000"," 230000"," 551000"," 217000"," 251000"," 664000"," 522000"," 282000","  84000"," 416000"," 467000"," 206000"," 417000","1149000"," 121000"," 306000","  87000"," 959000","  44000"," 290000"," 141000"," 434000"," 145000"," 288000"," 165000"," 196000"," 287000"," 111000"," 362000"," 232000","  51000"," 286000"," 453000","  73000"," 524000"," 245000"," 104000"," 652000","1088000"," 274000"," 169000"," 269000"," 415000"," 261000"," 312000"," 344000"," 615000"," 106000","  60000"," 972000"," 190000"," 531000"," 171000"," 434000"," 312000"," 250000"," 268000"," 333000"," 862000"," 186000"," 772000","1059000","  86000"," 625000"
"other2","  12000","  60000"," 450000","  52000"," 540000","  59000"," 367000","  94000","  42000"," 957000","  13000"," 558000","   4000","  57000","  89000","  51000","  22000"," 498000"," 889000","  95000"," 391000","  41000"," 471000"," 730000"," 116000"," 562000"," 385000","1093000"," 400000","  55000"," 461000","  15000","  59000"," 624000","  17000","  29000"," 387000"," 650000","  46000","  47000","  60000","  15000"," 538000","  24000","  71000","  91000","  48000","  24000"," 647000"," 199000"," 372000","  22000"," 287000"," 602000"," 149000"," 582000"," 585000","  62000"," 651000"," 752000","  22000"," 129000"," 420000","  32000","  53000","  88000","  47000"," 314000"," 101000","  46000","  30000","  35000","  41000","  82000"," 327000","   9000"," 155000","  85000","  64000","  33000"," 463000"," 472000","  20000","  30000","  34000","  67000","  25000"," 647000","  82000"," 146000"," 684000"
"vehicle_driver2"," 477000","1027000","1544000","2574000","2310000","1040000","1408000","6311000","1720000","2306000"," 518000","2359000"," 340000","2102000","3549000","1071000","1550000","2002000","4969000","1556000","1235000","2731000","2465000","1987000","4443000","1874000","1770000","4334000","1472000","2428000","1576000","1630000","3189000","3300000","1204000"," 688000","2321000","2923000"," 925000","1834000","5390000"," 382000","1662000"," 593000","4117000"," 516000","1641000"," 537000","2142000"," 802000","1735000"," 795000"," 865000","2236000"," 697000","2508000","1830000"," 514000","1933000","3901000"," 268000","2814000","1549000"," 712000","2811000","5495000","1289000","1117000","2059000","1520000","1173000","1499000","1956000","2518000","1214000"," 382000","4811000","1336000","2489000"," 664000","2790000","2448000"," 881000","1661000","1992000","4671000"," 746000","2972000","4848000"," 780000","3643000"
"vehicle_passenger2"," 175000"," 273000"," 921000"," 870000"," 823000","  89000"," 499000","2290000"," 540000","1295000"," 255000","1166000"," 155000"," 640000","1136000"," 377000"," 641000"," 846000","2250000"," 340000"," 672000","1044000","1093000"," 725000","1513000","1087000"," 733000","2051000"," 846000"," 721000"," 802000"," 361000","1087000","1441000"," 400000"," 233000"," 999000","1257000"," 330000"," 575000","1895000"," 123000"," 860000"," 159000","1733000"," 176000"," 638000"," 223000","1011000"," 381000"," 762000"," 221000"," 185000"," 867000"," 422000","1108000"," 754000"," 187000"," 970000","1152000"," 116000"," 854000"," 754000"," 235000"," 779000","1650000"," 385000"," 505000"," 761000"," 582000"," 338000"," 604000"," 732000","1653000"," 602000"," 110000","1712000"," 326000"," 777000"," 225000","1191000","1061000"," 396000"," 487000"," 533000","1718000"," 201000","1226000","1864000"," 337000","1122000"
"train2"," 112000"," 493000"," 360000"," 683000"," 241000","  44000"," 232000","1106000"," 627000"," 371000","  37000"," 431000"," 187000"," 142000"," 630000"," 157000"," 336000"," 127000"," 460000","   3000"," 325000"," 824000"," 234000"," 348000","1115000"," 277000"," 353000"," 622000","  18000"," 144000"," 260000"," 405000"," 827000"," 302000"," 384000","   7000"," 478000"," 240000"," 255000"," 572000"," 387000","  38000"," 114000","  52000"," 595000"," 108000","  25000","  28000","  97000"," 133000"," 274000"," 183000"," 212000"," 282000","  65000"," 374000"," 206000","  31000"," 220000","  93000","      0","  70000"," 198000"," 128000"," 796000"," 624000","  15000"," 124000","      0","  89000"," 488000"," 339000","  28000"," 174000"," 292000"," 135000"," 974000"," 383000","  63000","  65000"," 339000"," 171000"," 172000","  32000"," 189000"," 822000","  68000"," 448000"," 668000"," 122000"," 394000"
"bus2"," 40000"," 22000"," 86000"," 80000"," 20000","     0"," 21000","310000","112000"," 38000","140000","103000"," 35000"," 38000","109000"," 76000","121000"," 45000","136000"," 90000","130000","164000"," 35000"," 51000","172000"," 77000","125000","122000","182000"," 81000"," 96000"," 78000","213000","105000"," 36000"," 17000"," 95000","100000"," 35000"," 62000","205000"," 80000"," 86000","141000","163000"," 64000"," 46000","144000","171000"," 42000"," 54000","113000","  9000"," 31000"," 50000"," 89000"," 46000"," 50000"," 45000","180000"," 82000"," 87000"," 30000"," 94000","195000","115000","120000"," 34000"," 73000","315000"," 85000","239000"," 74000"," 71000"," 22000"," 20000"," 89000","259000","353000","114000","447000"," 87000"," 86000"," 88000","175000","154000"," 65000","219000","168000"," 26000"," 64000"
"walk_only2"," 38000"," 50000"," 37000"," 81000"," 62000"," 29000"," 69000","148000"," 46000","118000"," 21000"," 74000"," 18000"," 12000"," 44000"," 51000"," 72000"," 21000"," 84000"," 15000","118000"," 87000"," 53000"," 94000"," 77000"," 35000"," 70000"," 97000"," 16000"," 20000"," 39000"," 43000"," 91000"," 42000"," 31000","  7000"," 81000"," 55000"," 22000"," 65000"," 78000"," 31000"," 25000"," 61000"," 59000","  8000"," 25000"," 35000"," 55000"," 61000"," 56000"," 72000","162000"," 33000","  6000"," 86000"," 95000","  4000","102000"," 38000"," 27000"," 90000"," 32000"," 84000"," 89000"," 70000"," 41000","127000"," 13000","107000"," 45000"," 58000"," 21000"," 42000","101000"," 19000","100000","312000"," 61000"," 70000"," 76000"," 44000"," 62000"," 26000"," 17000","130000"," 55000"," 63000"," 61000","100000"," 57000"
"walk_linked5_2"," 30000"," 54000","   467"," 59000","   496","     0","   506","118000"," 28000","  1119"," 19000","  1884"," 27000"," 10000"," 52000"," 40000"," 63000","    58","   827","  4000","  1952"," 85000","   489","  2006"," 60000","   193","   766","   742","     8"," 13000","   562"," 51000"," 79000","   329"," 37000","  3000","   777","   457"," 28000"," 68000"," 46000"," 23000","    64"," 52000"," 67000","     0","  3000"," 39000","   443","  1716","   461"," 63000","   742","   600","   153","  1336","  1961","     0","  1632","   814"," 30000"," 30000","   543"," 54000"," 99000"," 51000"," 44000","  1064","  5000"," 65000"," 58000"," 69000","  6000"," 18000","  1164"," 20000"," 81000","152000"," 60000"," 41000","  1280","   811"," 43000","  8000"," 10000"," 67000"," 38000","  1339"," 30000","   949","   564"
"other_modes2"," 24000"," 10000"," 33000","103000"," 57000","     0","148000","127000"," 48000","303000"," 23000"," 59000"," 11000"," 52000","101000"," 70000"," 35000"," 13000"," 69000"," 13000","237000"," 86000"," 68000","155000"," 64000"," 46000"," 33000"," 70000"," 23000","  7000"," 39000"," 52000"," 54000"," 94000"," 14000"," 29000"," 63000"," 36000","  2000"," 97000"," 78000"," 18000"," 34000"," 87000"," 57000","  5000"," 88000","144000"," 49000"," 87000"," 10000"," 58000","155000"," 19000","  4000"," 76000","142000","  1000","265000"," 47000"," 46000"," 45000"," 16000"," 61000"," 98000"," 32000","106000","230000","  1000"," 63000"," 15000"," 61000"," 23000","131000","132000"," 12000"," 99000","156000","129000"," 73000","123000"," 19000"," 95000","  9000"," 34000","160000"," 77000"," 41000"," 42000","165000"," 35000"
"commute3","0.17","0.13","0.26","0.15","0.24","0.42","0.23","0.17","0.13","0.25","0.15","0.32","0.20","0.15","0.17","0.14","0.15","0.27","0.30","0.16","0.27","0.19","0.30","0.22","0.13","0.27","0.30","0.24","0.31","0.15","0.27","0.17","0.15","0.32","0.15","0.14","0.28","0.29","0.18","0.14","0.12","0.13","0.26","0.17","0.15","0.29","0.14","0.15","0.25","0.27","0.26","0.21","0.35","0.28","0.41","0.29","0.31","0.27","0.28","0.26","0.13","0.14","0.26","0.20","0.19","0.15","0.13","0.29","0.14","0.15","0.17","0.19","0.13","0.09","0.26","0.19","0.14","0.20","0.14","0.14","0.28","0.32","0.14","0.10","0.16","0.12","0.14","0.34","0.11","0.30","0.26"
"work_related_business3","0.06","0.10","0.13","0.06","0.13","0.24","0.10","0.11","0.10","0.12","0.06","0.13","0.08","0.10","0.07","0.09","0.05","0.14","0.12","0.15","0.12","0.07","0.15","0.11","0.09","0.13","0.14","0.12","0.16","0.14","0.13","0.10","0.07","0.14","0.10","0.09","0.13","0.14","0.09","0.06","0.08","0.07","0.12","0.10","0.11","0.09","0.12","0.15","0.12","0.15","0.13","0.08","0.18","0.14","0.16","0.14","0.14","0.20","0.13","0.13","0.06","0.07","0.13","0.07","0.10","0.12","0.09","0.18","0.13","0.09","0.10","0.08","0.12","0.09","0.14","0.09","0.09","0.07","0.06","0.07","0.13","0.15","0.05","0.10","0.10","0.09","0.08","0.16","0.09","0.16","0.15"
"education_child_care3","0.06","0.12","0.10","0.09","0.10","0.19","0.10","0.10","0.10","0.10","0.08","0.11","0.10","0.10","0.10","0.08","0.08","0.08","0.11","0.10","0.11","0.11","0.09","0.15","0.07","0.12","0.11","0.11","0.10","0.10","0.08","0.13","0.09","0.12","0.08","0.09","0.10","0.09","0.07","0.09","0.07","0.07","0.12","0.07","0.11","0.15","0.08","0.07","0.08","0.11","0.11","0.06","0.09","0.10","0.06","0.10","0.11","0.10","0.13","0.14","0.07","0.06","0.11","0.04","0.09","0.11","0.07","0.11","0.08","0.07","0.11","0.07","0.10","0.05","0.12","0.08","0.08","0.06","0.08","0.06","0.09","0.10","0.07","0.07","0.14","0.07","0.04","0.09","0.08","0.11","0.10"
"shopping3","0.19","0.17","0.23","0.15","0.24","0.20","0.20","0.15","0.16","0.21","0.14","0.21","0.17","0.13","0.17","0.16","0.17","0.21","0.21","0.16","0.23","0.16","0.22","0.23","0.18","0.21","0.21","0.24","0.21","0.13","0.20","0.15","0.16","0.17","0.14","0.14","0.25","0.20","0.13","0.17","0.20","0.15","0.23","0.19","0.16","0.24","0.18","0.12","0.21","0.21","0.22","0.16","0.20","0.18","0.15","0.22","0.22","0.20","0.19","0.26","0.13","0.19","0.20","0.18","0.16","0.14","0.15","0.21","0.18","0.16","0.17","0.18","0.15","0.18","0.23","0.17","0.15","0.18","0.17","0.16","0.21","0.22","0.16","0.19","0.16","0.18","0.16","0.16","0.17","0.24","0.23"
"personal_business3","0.08","0.06","0.10","0.07","0.09","0.19","0.09","0.05","0.10","0.09","0.07","0.10","0.07","0.05","0.06","0.08","0.07","0.07","0.09","0.09","0.10","0.06","0.08","0.13","0.09","0.12","0.10","0.10","0.10","0.08","0.07","0.07","0.07","0.11","0.05","0.07","0.10","0.09","0.06","0.06","0.10","0.09","0.11","0.06","0.06","0.15","0.08","0.08","0.08","0.09","0.10","0.07","0.09","0.10","0.05","0.09","0.11","0.10","0.11","0.14","0.08","0.09","0.11","0.07","0.06","0.07","0.09","0.10","0.07","0.05","0.07","0.05","0.07","0.11","0.11","0.07","0.07","0.07","0.09","0.07","0.08","0.09","0.09","0.12","0.07","0.07","0.08","0.08","0.10","0.10","0.10"
"social_recreation3","0.27","0.19","0.30","0.21","0.30","0.32","0.30","0.18","0.22","0.30","0.25","0.25","0.24","0.25","0.18","0.21","0.26","0.22","0.28","0.19","0.28","0.18","0.24","0.36","0.24","0.30","0.28","0.29","0.26","0.18","0.27","0.18","0.26","0.27","0.23","0.32","0.27","0.26","0.23","0.25","0.24","0.27","0.30","0.28","0.21","0.23","0.25","0.24","0.27","0.34","0.26","0.25","0.33","0.25","0.17","0.28","0.29","0.21","0.33","0.30","0.30","0.27","0.29","0.28","0.19","0.19","0.26","0.34","0.23","0.28","0.15","0.24","0.24","0.28","0.35","0.20","0.27","0.27","0.25","0.31","0.29","0.28","0.27","0.25","0.17","0.29","0.29","0.22","0.24","0.34","0.28"
"serve_passenger3","0.15","0.19","0.12","0.24","0.14","0.03","0.14","0.23","0.16","0.11","0.22","0.15","0.13","0.18","0.22","0.19","0.20","0.13","0.13","0.12","0.10","0.20","0.13","0.13","0.19","0.13","0.12","0.12","0.12","0.20","0.13","0.17","0.18","0.15","0.24","0.13","0.12","0.15","0.19","0.20","0.18","0.17","0.12","0.09","0.20","0.16","0.15","0.16","0.16","0.10","0.13","0.13","0.07","0.13","0.17","0.12","0.12","0.10","0.12","0.10","0.17","0.15","0.14","0.09","0.20","0.20","0.18","0.08","0.15","0.15","0.21","0.15","0.18","0.16","0.07","0.17","0.17","0.07","0.17","0.15","0.15","0.11","0.19","0.15","0.18","0.16","0.14","0.19","0.19","0.05","0.13"
"other3","0.02","0.03","0.17","0.02","0.16","0.12","0.20","0.02","0.03","0.19","0.03","0.13","0.03","0.03","0.02","0.04","0.02","0.19","0.13","0.04","0.18","0.02","0.17","0.15","0.02","0.16","0.14","0.18","0.16","0.02","0.18","0.02","0.03","0.16","0.02","0.02","0.16","0.16","0.04","0.04","0.02","0.04","0.17","0.05","0.02","0.16","0.01","0.04","0.18","0.15","0.18","0.04","0.12","0.22","0.17","0.15","0.15","0.20","0.15","0.16","0.06","0.02","0.17","0.07","0.02","0.02","0.04","0.14","0.04","0.04","0.02","0.03","0.02","0.03","0.16","0.03","0.04","0.08","0.04","0.04","0.14","0.15","0.04","0.03","0.03","0.02","0.06","0.17","0.02","0.14","0.18"
"vehicle_driver3","0.41","0.45","0.55","0.50","0.53","0.44","0.47","0.52","0.49","0.41","0.42","0.47","0.43","0.60","0.53","0.49","0.47","0.53","0.50","0.65","0.35","0.51","0.56","0.46","0.53","0.55","0.45","0.54","0.59","0.63","0.46","0.50","0.52","0.52","0.51","0.60","0.48","0.56","0.52","0.51","0.60","0.42","0.57","0.31","0.55","0.59","0.57","0.43","0.50","0.36","0.52","0.37","0.21","0.49","0.50","0.50","0.38","0.61","0.39","0.61","0.37","0.55","0.53","0.32","0.50","0.57","0.51","0.31","0.65","0.40","0.46","0.47","0.56","0.56","0.32","0.46","0.53","0.22","0.53","0.38","0.52","0.53","0.41","0.60","0.60","0.51","0.41","0.49","0.57","0.24","0.58"
"vehicle_passenger3","0.16","0.19","0.25","0.25","0.22","0.16","0.20","0.25","0.19","0.21","0.22","0.25","0.15","0.26","0.26","0.20","0.23","0.28","0.29","0.20","0.19","0.25","0.23","0.21","0.23","0.27","0.23","0.25","0.27","0.23","0.22","0.20","0.20","0.27","0.24","0.22","0.20","0.26","0.21","0.20","0.24","0.17","0.25","0.12","0.24","0.23","0.27","0.17","0.25","0.16","0.24","0.13","0.05","0.30","0.29","0.20","0.17","0.26","0.19","0.22","0.18","0.23","0.25","0.12","0.21","0.25","0.20","0.10","0.24","0.21","0.19","0.23","0.26","0.26","0.14","0.16","0.23","0.07","0.21","0.15","0.21","0.26","0.21","0.24","0.21","0.23","0.14","0.26","0.27","0.11","0.24"
"train3","0.08","0.13","0.01","0.06","0.04","0.01","0.05","0.04","0.05","0.05","0.01","0.05","0.13","0.02","0.04","0.04","0.06","0.02","0.02","0.00","0.05","0.06","0.02","0.05","0.03","0.01","0.05","0.02","0.00","0.02","0.05","0.06","0.07","0.04","0.09","0.00","0.05","0.02","0.08","0.08","0.01","0.03","0.01","0.02","0.04","0.02","0.00","0.01","0.01","0.06","0.03","0.09","0.02","0.04","0.03","0.04","0.05","0.02","0.03","0.01","0.00","0.01","0.04","0.07","0.07","0.03","0.00","0.04","0.00","0.01","0.12","0.06","0.01","0.01","0.07","0.11","0.05","0.06","0.01","0.04","0.03","0.02","0.06","0.00","0.02","0.02","0.04","0.04","0.02","0.04","0.03"
"bus3","0.06","0.02","0.02","0.03","0.01","0.00","0.01","0.04","0.04","0.01","0.12","0.03","0.07","0.03","0.04","0.04","0.05","0.02","0.03","0.05","0.03","0.04","0.01","0.01","0.04","0.03","0.05","0.02","0.04","0.03","0.03","0.05","0.03","0.02","0.03","0.02","0.03","0.03","0.03","0.03","0.03","0.09","0.03","0.12","0.05","0.04","0.03","0.09","0.04","0.04","0.02","0.08","0.01","0.01","0.03","0.02","0.03","0.02","0.02","0.03","0.12","0.03","0.02","0.07","0.05","0.03","0.04","0.01","0.03","0.10","0.06","0.07","0.02","0.02","0.01","0.05","0.02","0.10","0.07","0.09","0.03","0.03","0.05","0.04","0.05","0.03","0.06","0.03","0.03","0.01","0.02"
"walk_only3","0.28","0.20","0.14","0.15","0.18","0.38","0.23","0.12","0.20","0.26","0.20","0.18","0.19","0.08","0.10","0.20","0.18","0.14","0.14","0.09","0.30","0.13","0.15","0.23","0.14","0.12","0.21","0.15","0.10","0.08","0.20","0.16","0.15","0.13","0.13","0.13","0.21","0.12","0.15","0.17","0.10","0.26","0.13","0.36","0.11","0.11","0.11","0.22","0.18","0.31","0.18","0.28","0.56","0.13","0.13","0.20","0.30","0.09","0.27","0.11","0.26","0.16","0.15","0.38","0.15","0.12","0.17","0.42","0.08","0.25","0.15","0.15","0.12","0.13","0.38","0.21","0.14","0.50","0.16","0.29","0.18","0.15","0.24","0.10","0.09","0.19","0.30","0.17","0.11","0.45","0.12"
"other_modes3","0.02","0.01","0.02","0.01","0.03","0.00","0.04","0.02","0.03","0.06","0.02","0.02","0.02","0.01","0.03","0.03","0.01","0.01","0.01","0.02","0.09","0.01","0.02","0.04","0.02","0.02","0.01","0.02","0.02","0.01","0.04","0.02","0.02","0.02","0.01","0.02","0.03","0.02","0.00","0.02","0.01","0.03","0.02","0.07","0.01","0.02","0.02","0.08","0.01","0.07","0.02","0.04","0.15","0.02","0.02","0.03","0.07","0.01","0.10","0.02","0.07","0.02","0.01","0.04","0.01","0.01","0.08","0.12","0.00","0.03","0.01","0.02","0.03","0.02","0.08","0.01","0.02","0.05","0.03","0.06","0.03","0.02","0.03","0.02","0.02","0.03","0.05","0.02","0.01","0.15","0.02"
"commute4","0.28","0.29","0.17","0.29","0.22","0.53","0.24","0.29","0.22","0.17","0.18","0.29","0.28","0.24","0.34","0.25","0.28","0.23","0.27","0.17","0.24","0.34","0.26","0.19","0.27","0.18","0.28","0.22","0.18","0.21","0.21","0.30","0.28","0.25","0.27","0.25","0.25","0.25","0.26","0.24","0.19","0.21","0.17","0.29","0.23","0.27","0.21","0.27","0.21","0.23","0.26","0.32","0.22","0.31","0.44","0.26","0.24","0.33","0.21","0.24","0.24","0.21","0.21","0.29","0.33","0.27","0.26","0.25","0.18","0.24","0.28","0.30","0.17","0.10","0.20","0.37","0.27","0.33","0.24","0.27","0.23","0.28","0.21","0.16","0.32","0.24","0.23","0.34","0.20","0.21","0.25"
"work_related_business4","0.08","0.13","0.11","0.13","0.15","0.26","0.14","0.18","0.17","0.10","0.12","0.13","0.14","0.17","0.14","0.16","0.10","0.16","0.14","0.22","0.13","0.14","0.16","0.10","0.16","0.12","0.15","0.14","0.11","0.19","0.11","0.20","0.10","0.14","0.14","0.11","0.13","0.16","0.15","0.10","0.15","0.13","0.10","0.18","0.17","0.10","0.14","0.15","0.12","0.13","0.15","0.16","0.12","0.19","0.17","0.13","0.10","0.28","0.12","0.13","0.08","0.15","0.14","0.17","0.15","0.23","0.14","0.17","0.16","0.17","0.16","0.14","0.27","0.12","0.12","0.15","0.13","0.12","0.10","0.14","0.16","0.17","0.07","0.17","0.10","0.18","0.20","0.16","0.18","0.14","0.17"
"education_child_care4","0.05","0.12","0.09","0.08","0.07","0.04","0.06","0.07","0.07","0.09","0.04","0.08","0.09","0.07","0.06","0.06","0.07","0.06","0.07","0.06","0.08","0.08","0.07","0.10","0.05","0.09","0.06","0.08","0.08","0.07","0.10","0.08","0.07","0.08","0.05","0.09","0.07","0.06","0.10","0.09","0.06","0.08","0.09","0.07","0.09","0.10","0.05","0.08","0.06","0.06","0.08","0.04","0.10","0.06","0.02","0.06","0.06","0.03","0.09","0.09","0.08","0.05","0.06","0.03","0.07","0.06","0.08","0.08","0.07","0.06","0.14","0.06","0.06","0.03","0.11","0.08","0.08","0.05","0.07","0.04","0.05","0.05","0.08","0.06","0.14","0.05","0.03","0.06","0.06","0.10","0.05"
"shopping4","0.11","0.12","0.11","0.08","0.11","0.01","0.11","0.07","0.11","0.09","0.06","0.10","0.08","0.08","0.11","0.18","0.10","0.12","0.10","0.13","0.12","0.10","0.09","0.09","0.12","0.10","0.09","0.10","0.08","0.08","0.09","0.08","0.10","0.06","0.11","0.10","0.11","0.08","0.09","0.12","0.15","0.12","0.12","0.10","0.09","0.15","0.12","0.06","0.12","0.07","0.08","0.09","0.06","0.08","0.09","0.12","0.08","0.10","0.10","0.12","0.10","0.14","0.11","0.08","0.09","0.08","0.08","0.08","0.12","0.11","0.07","0.10","0.08","0.17","0.08","0.08","0.10","0.09","0.11","0.11","0.08","0.10","0.09","0.12","0.14","0.11","0.08","0.06","0.11","0.08","0.10"
"personal_business4","0.06","0.05","0.09","0.05","0.06","0.04","0.06","0.04","0.12","0.08","0.05","0.08","0.04","0.04","0.04","0.06","0.05","0.06","0.07","0.09","0.07","0.05","0.07","0.09","0.07","0.09","0.06","0.07","0.07","0.06","0.10","0.06","0.05","0.08","0.02","0.07","0.07","0.06","0.05","0.05","0.09","0.06","0.08","0.04","0.04","0.10","0.07","0.07","0.06","0.06","0.08","0.04","0.08","0.06","0.02","0.05","0.11","0.03","0.09","0.09","0.06","0.08","0.06","0.05","0.05","0.05","0.07","0.08","0.07","0.05","0.07","0.04","0.06","0.09","0.11","0.04","0.05","0.04","0.08","0.06","0.05","0.05","0.11","0.11","0.05","0.05","0.07","0.05","0.09","0.09","0.05"
"social_recreation4","0.27","0.15","0.26","0.21","0.22","0.08","0.19","0.20","0.16","0.26","0.37","0.17","0.26","0.26","0.15","0.15","0.27","0.20","0.21","0.23","0.20","0.17","0.21","0.22","0.19","0.25","0.20","0.22","0.31","0.20","0.23","0.18","0.26","0.24","0.26","0.26","0.23","0.21","0.18","0.26","0.21","0.20","0.22","0.22","0.24","0.18","0.27","0.22","0.20","0.28","0.19","0.21","0.22","0.14","0.09","0.22","0.24","0.11","0.22","0.19","0.27","0.22","0.23","0.28","0.17","0.17","0.22","0.19","0.28","0.22","0.15","0.24","0.24","0.33","0.27","0.18","0.24","0.28","0.25","0.21","0.30","0.20","0.28","0.26","0.13","0.25","0.23","0.13","0.20","0.28","0.20"
"serve_passenger4","0.13","0.12","0.06","0.15","0.07","0.00","0.09","0.15","0.14","0.06","0.16","0.07","0.11","0.13","0.15","0.11","0.14","0.06","0.07","0.06","0.06","0.12","0.06","0.06","0.12","0.06","0.07","0.06","0.07","0.16","0.05","0.10","0.12","0.07","0.13","0.09","0.07","0.07","0.13","0.13","0.14","0.17","0.08","0.08","0.14","0.03","0.12","0.12","0.09","0.07","0.07","0.11","0.08","0.06","0.07","0.06","0.05","0.05","0.05","0.06","0.13","0.13","0.07","0.08","0.13","0.14","0.14","0.05","0.09","0.15","0.12","0.11","0.12","0.13","0.03","0.09","0.12","0.07","0.14","0.14","0.06","0.06","0.14","0.12","0.11","0.11","0.15","0.11","0.14","0.04","0.08"
"other4","0.01","0.03","0.10","0.01","0.11","0.03","0.11","0.01","0.01","0.15","0.01","0.09","0.01","0.02","0.02","0.03","0.01","0.12","0.08","0.05","0.10","0.01","0.08","0.15","0.02","0.11","0.08","0.10","0.11","0.02","0.10","0.01","0.01","0.08","0.01","0.03","0.06","0.10","0.03","0.01","0.01","0.02","0.13","0.02","0.01","0.07","0.02","0.02","0.13","0.09","0.09","0.01","0.12","0.12","0.09","0.10","0.12","0.06","0.12","0.09","0.04","0.03","0.12","0.02","0.01","0.01","0.02","0.10","0.03","0.02","0.01","0.01","0.01","0.02","0.09","0.01","0.02","0.03","0.02","0.03","0.07","0.09","0.01","0.01","0.01","0.01","0.02","0.09","0.01","0.06","0.09"
"vehicle_driver4","0.53","0.53","0.52","0.58","0.66","0.87","0.59","0.61","0.55","0.52","0.51","0.56","0.44","0.70","0.63","0.58","0.55","0.66","0.62","0.77","0.45","0.54","0.62","0.59","0.60","0.55","0.57","0.59","0.58","0.71","0.56","0.62","0.58","0.62","0.57","0.70","0.57","0.63","0.58","0.56","0.67","0.55","0.60","0.52","0.61","0.59","0.67","0.47","0.61","0.53","0.60","0.53","0.54","0.64","0.56","0.59","0.60","0.65","0.55","0.72","0.47","0.71","0.60","0.52","0.58","0.68","0.64","0.52","0.71","0.55","0.53","0.52","0.69","0.55","0.51","0.55","0.61","0.46","0.63","0.53","0.56","0.64","0.51","0.72","0.68","0.60","0.60","0.60","0.63","0.51","0.69"
"vehicle_passenger4","0.20","0.14","0.31","0.20","0.23","0.07","0.21","0.22","0.17","0.29","0.25","0.28","0.20","0.21","0.20","0.20","0.23","0.28","0.28","0.17","0.25","0.21","0.28","0.22","0.20","0.32","0.24","0.28","0.33","0.21","0.29","0.14","0.20","0.27","0.19","0.24","0.25","0.27","0.21","0.18","0.23","0.18","0.31","0.14","0.26","0.20","0.26","0.19","0.29","0.25","0.26","0.15","0.12","0.25","0.34","0.26","0.25","0.24","0.27","0.21","0.20","0.21","0.29","0.17","0.16","0.21","0.19","0.24","0.26","0.21","0.15","0.21","0.26","0.36","0.25","0.16","0.22","0.11","0.20","0.18","0.24","0.28","0.23","0.21","0.18","0.22","0.16","0.25","0.24","0.22","0.21"
"train4","0.12","0.26","0.12","0.15","0.07","0.04","0.10","0.11","0.20","0.08","0.04","0.10","0.24","0.05","0.11","0.09","0.12","0.04","0.06","0.00","0.12","0.16","0.06","0.10","0.15","0.08","0.11","0.09","0.01","0.04","0.09","0.15","0.15","0.06","0.18","0.01","0.12","0.05","0.16","0.17","0.05","0.05","0.04","0.05","0.09","0.12","0.01","0.02","0.03","0.09","0.09","0.12","0.13","0.08","0.05","0.09","0.07","0.04","0.06","0.02","0.00","0.02","0.08","0.09","0.16","0.08","0.01","0.06","0.00","0.03","0.22","0.12","0.01","0.04","0.12","0.19","0.12","0.13","0.02","0.05","0.07","0.04","0.10","0.01","0.06","0.11","0.05","0.09","0.09","0.08","0.07"
"bus4","0.04","0.01","0.03","0.02","0.01","0.00","0.01","0.03","0.04","0.01","0.14","0.02","0.05","0.01","0.02","0.04","0.04","0.01","0.02","0.04","0.05","0.03","0.01","0.02","0.02","0.02","0.04","0.02","0.07","0.02","0.03","0.03","0.04","0.02","0.02","0.02","0.02","0.02","0.02","0.02","0.03","0.12","0.03","0.12","0.02","0.07","0.02","0.13","0.05","0.03","0.02","0.08","0.01","0.01","0.04","0.02","0.01","0.06","0.01","0.03","0.14","0.02","0.01","0.07","0.04","0.01","0.06","0.02","0.03","0.12","0.04","0.08","0.03","0.02","0.01","0.03","0.01","0.09","0.09","0.09","0.09","0.02","0.05","0.04","0.06","0.02","0.05","0.04","0.02","0.02","0.01"
"walk_only4","0.04","0.03","0.01","0.02","0.02","0.02","0.03","0.01","0.01","0.03","0.02","0.02","0.02","0.00","0.01","0.03","0.03","0.01","0.01","0.01","0.04","0.02","0.01","0.03","0.01","0.01","0.02","0.01","0.01","0.01","0.01","0.02","0.02","0.01","0.01","0.01","0.02","0.01","0.01","0.02","0.01","0.05","0.01","0.05","0.01","0.01","0.01","0.03","0.02","0.04","0.02","0.05","0.10","0.01","0.00","0.02","0.03","0.00","0.03","0.01","0.05","0.02","0.01","0.06","0.02","0.01","0.02","0.06","0.00","0.04","0.02","0.02","0.01","0.01","0.04","0.03","0.01","0.11","0.02","0.06","0.02","0.01","0.04","0.01","0.01","0.02","0.04","0.01","0.01","0.07","0.01"
"walk_linked5_4","0.0300","0.0300","0.0002","0.0100","0.0001","0.0000","0.0002","0.0100","0.0100","0.0003","0.0200","0.0004","0.0300","0.0000","0.0100","0.0200","0.0200","0.0000","0.0001","0.0000","0.0007","0.0200","0.0001","0.0006","0.0100","0.0001","0.0002","0.0001","0.0000","0.0000","0.0002","0.0200","0.0100","0.0001","0.0200","0.0000","0.0002","0.0001","0.0200","0.0200","0.0100","0.0300","0.0000","0.0500","0.0100","0.0000","0.0000","0.0300","0.0001","0.0011","0.0002","0.0400","0.0005","0.0002","0.0001","0.0003","0.0006","0.0000","0.0005","0.0002","0.0500","0.0100","0.0002","0.0400","0.0200","0.0100","0.0200","0.0005","0.0000","0.0200","0.0300","0.0200","0.0000","0.0000","0.0005","0.0300","0.0100","0.0500","0.0200","0.0300","0.0003","0.0002","0.0200","0.0000","0.0000","0.0100","0.0300","0.0003","0.0000","0.0006","0.0001"
"other_modes4","0.03","0.01","0.01","0.02","0.02","0.00","0.06","0.01","0.02","0.07","0.02","0.01","0.01","0.02","0.02","0.04","0.01","0.00","0.01","0.01","0.09","0.02","0.02","0.05","0.01","0.01","0.01","0.01","0.01","0.00","0.01","0.02","0.01","0.02","0.01","0.03","0.02","0.01","0.00","0.03","0.01","0.03","0.01","0.08","0.01","0.01","0.04","0.13","0.01","0.06","0.00","0.04","0.10","0.01","0.00","0.02","0.05","0.00","0.07","0.01","0.08","0.01","0.01","0.04","0.02","0.00","0.05","0.11","0.00","0.02","0.01","0.02","0.01","0.03","0.06","0.02","0.01","0.05","0.03","0.06","0.02","0.00","0.05","0.00","0.01","0.02","0.06","0.01","0.01","0.11","0.01"
"private_vehicles","  20000","  33000"," 500000","  94000"," 701000"," 175000"," 607000"," 159000","  50000"," 936000","  20000"," 720000","  16000","  41000","  82000","  46000","  68000"," 343000","1294000","  39000"," 544000","  97000"," 596000"," 752000"," 108000"," 557000"," 544000","1232000"," 359000","  47000"," 411000","  55000","  97000"," 726000","  40000","  15000"," 734000"," 993000","  33000","  70000"," 134000","  20000"," 390000","  31000"," 106000"," 145000","  49000","  22000"," 767000"," 289000"," 563000","  37000"," 233000"," 503000"," 202000"," 879000"," 583000","  89000"," 673000"," 729000","  17000","  93000"," 471000","  37000","  88000"," 118000","  40000"," 317000","  48000","  68000","  54000","  62000","  46000","  67000"," 454000","  20000"," 148000","  72000","  96000","  34000"," 834000"," 704000","  37000","  35000","  32000"," 124000","  35000"," 758000","  96000"," 283000"," 911000"
"vehicles_per_household","1.2","1.3","2.1","1.5","2.0","2.4","2.1","1.6","1.7","1.9","1.3","2.0","1.3","2.2","1.6","1.5","1.3","2.2","2.1","2.0","1.6","1.6","2.0","1.9","1.6","2.1","1.9","2.1","2.3","2.1","1.9","1.5","1.7","2.2","1.4","1.8","1.9","2.3","1.5","1.8","1.8","1.5","2.2","1.3","1.8","2.3","1.9","1.3","2.2","1.7","2.1","1.1","1.2","2.2","2.9","2.1","1.9","2.0","1.7","2.1","1.3","1.4","2.4","1.1","1.4","1.9","1.8","1.3","1.8","1.2","1.4","1.5","1.9","1.7","1.6","1.5","1.8","0.8","1.7","1.1","1.9","2.2","1.3","1.9","2.2","1.6","1.4","2.1","1.6","1.3","2.3"
"total_travel","  896000"," 1930000","  304000"," 4449000","  419000","  117000","  353000","10410000"," 3121000","  578000"," 1011000","  465000","  773000"," 2995000"," 5622000"," 1843000"," 2817000","  194000","  704000"," 2020000","  410000"," 5021000","  361000","  488000"," 7445000","  322000","  366000","  676000","  185000"," 3413000","  261000"," 2619000"," 5540000","  413000"," 2105000","  983000","  446000","  473000"," 1597000"," 3274000"," 8079000","  695000","  220000"," 1145000"," 6790000","   76000"," 2465000"," 1151000","  387000","  207000","  330000"," 1505000","  297000","  287000","   81000","  481000","  354000","   54000","  471000","  455000","  569000"," 3991000","  217000"," 1368000"," 4867000"," 8037000"," 2000000","  327000"," 2911000"," 2742000"," 2202000"," 2868000"," 2840000"," 4608000","  336000","  698000"," 7865000"," 2923000"," 3931000"," 1252000","  503000","  374000"," 1736000"," 2310000"," 2950000"," 7721000"," 1251000","  444000"," 7681000","  268000","  496000"
"total_travel_per_capita"," 21.8"," 25.5"," 13.2"," 23.8"," 41.4","228.7"," 51.7"," 34.1"," 40.7"," 49.2"," 25.2"," 56.4"," 23.6"," 53.2"," 37.0"," 23.6"," 19.5"," 26.4"," 68.1"," 39.9"," 55.8"," 25.8"," 37.1"," 53.2"," 44.9"," 13.1"," 37.3"," 23.3","  7.6"," 54.2"," 50.5"," 25.8"," 34.3"," 55.3"," 26.3"," 47.7"," 36.9"," 35.6"," 27.3"," 29.2"," 40.8"," 21.3","  9.1"," 21.0"," 37.0"," 62.2"," 35.3"," 27.9"," 34.1"," 35.5"," 34.6"," 19.4"," 86.2"," 47.9"," 56.8"," 39.5"," 40.7"," 59.8"," 67.3"," 74.1"," 19.7"," 26.2"," 22.0"," 21.5"," 28.9"," 43.6"," 33.7"," 65.1"," 43.5"," 21.4"," 21.6"," 27.5"," 42.1"," 48.1"," 38.0"," 19.2"," 35.9"," 16.7"," 27.4"," 18.3"," 50.4"," 42.1"," 25.0"," 50.5"," 67.2"," 38.5"," 22.8"," 59.1"," 51.1"," 41.0"," 52.2"
"av_trip_length"," 6.0"," 6.6"," 1.0"," 7.3"," 1.0"," 1.0"," 1.0"," 9.9","12.2"," 1.0"," 6.8"," 1.0"," 6.7","14.5","11.2"," 5.7"," 6.1"," 1.0"," 1.0","12.2"," 1.0"," 8.5"," 1.0"," 1.0","11.9"," 1.0"," 1.0"," 1.0"," 1.0","14.6"," 1.0"," 7.7"," 9.0"," 1.0"," 7.2","12.6"," 1.0"," 1.0"," 7.4"," 7.1","10.0"," 5.1"," 1.0"," 4.7","11.4"," 1.0","10.3"," 5.7"," 1.0"," 1.0"," 1.0"," 5.1"," 1.0"," 1.0"," 1.0"," 1.0"," 1.0"," 1.0"," 1.0"," 1.0"," 4.2"," 6.3"," 1.0"," 5.0"," 8.0","11.7"," 7.8"," 1.0","13.3"," 5.1"," 6.8"," 7.3","10.4","13.1"," 1.0"," 6.9"," 8.5"," 3.9"," 7.1"," 4.1"," 1.0"," 1.0"," 5.7","13.7","17.4"," 9.4"," 4.9"," 1.0","13.0"," 1.0"," 1.0"
"Vehicle_travel_.VKT."," 477000","1027000","  38924","2574000","  16478","   1630","   8945","6311000","1720000","  13715"," 518000","  12209"," 340000","2102000","3549000","1071000","1550000","  21942","  20478","1556000","   6800","2731000","  21653","  10602","4443000","  48808","  14170","  54798","  56796","2428000","   9594","1630000","3189000","  15211","1204000"," 688000","  18951","  22447"," 925000","1834000","5390000"," 382000","  60594"," 593000","4117000","   2246","1641000"," 537000","  19660","   7383","  15316"," 795000","   3879","  12411","   3378","  18610","  11903","   3073","   8701","  17818"," 268000","2814000","  20303"," 712000","2811000","5495000","1289000","   7062","2059000","1520000","1173000","1499000","1956000","2518000","   9492"," 382000","4811000","1336000","2489000"," 664000","  15197","  16367"," 881000","1661000","1992000","4671000"," 746000","  15261","4848000","   7332","  21826"
"vkt_per_capita","11.6","13.6"," 1.7","13.8"," 1.6"," 3.2"," 1.3","20.7","22.4"," 1.2","12.9"," 1.5","10.4","37.3","23.4","13.7","10.7"," 3.0"," 2.0","30.7"," 0.9","14.0"," 2.2"," 1.2","26.8"," 2.0"," 1.4"," 1.9"," 2.3","38.5"," 1.9","16.1","19.7"," 2.0","15.0","33.4"," 1.6"," 1.7","15.8","16.3","27.2","11.7"," 2.5","10.9","22.5"," 1.8","23.5","13.0"," 1.7"," 1.3"," 1.6","10.3"," 1.1"," 2.1"," 2.4"," 1.5"," 1.4"," 3.4"," 1.2"," 2.9"," 9.3","18.5"," 2.1","11.2","16.7","29.8","21.7"," 1.4","30.8","11.8","11.5","14.4","29.0","26.3"," 1.1","10.5","21.9"," 7.6","17.3"," 9.7"," 1.5"," 1.8","12.7","36.3","45.4","23.3","13.6"," 2.0","32.3"," 1.1"," 2.3"
"av_work_trip_duration","35","34","18","36","31","19","30","34","40","27","34","30","35","36","40","30","37","34","32","26","29","35","30","27","38","18","28","25","15","33","30","34","35","31","34","28","29","29","32","35","26","27","19","32","36","22","22","27","29","27","29","34","21","39","29","28","29","32","29","26","30","22","35","30","36","35","30","29","27","30","34","33","24","23","26","34","33","30","30","31","33","32","29","26","41","29","30","32","35","26","30"
"av_non_work_trip_duration","18","18","16","18","17"," 9","16","19","21","19","21","18","20","19","18","17","18","19","18","19","19","18","17","17","19","16","19","17","20","21","20","18","20","20","17","19","18","17","18","18","16","17","18","16","22","15","17","18","18","20","16","20","21","16","17","19","20","15","19","18","17","15","20","16","19","16","18","19","17","16","19","19","15","20","20","19","17","16","17","17","18","18","18","18","23","15","16","17","18","19","18"
"av_trip_duration_all_purposes","21","21","17","21","20","13","19","22","24","21","23","21","23","23","22","20","21","23","21","21","21","22","20","19","22","17","21","18","19","24","22","22","23","22","20","21","21","20","21","21","18","19","18","19","25","16","18","20","20","22","19","23","21","22","21","21","22","20","21","20","19","17","23","19","23","21","20","22","19","19","22","22","17","20","21","23","20","19","19","19","21","22","20","19","27","18","18","21","21","21","21"
"daily_travel_time_per_capita"," 76"," 82"," 64"," 69"," 76"," 65"," 77"," 77"," 81"," 79"," 85"," 62"," 82"," 83"," 73"," 81"," 68"," 73"," 63"," 69"," 70"," 68"," 64"," 78"," 82"," 60"," 64"," 64"," 62"," 89"," 75"," 73"," 87"," 64"," 73"," 78"," 70"," 65"," 78"," 85"," 74"," 78"," 59"," 87"," 81"," 66"," 61"," 99"," 70"," 71"," 67"," 87","102"," 72"," 75"," 62"," 73"," 59"," 77"," 74"," 89"," 69"," 81"," 83"," 82"," 77"," 86","100"," 63"," 79"," 71"," 82"," 69"," 75"," 84"," 63"," 84"," 83"," 75"," 85"," 74"," 61"," 87"," 72","104"," 72"," 86"," 73"," 82"," 85"," 78"
