lga,population,no_of_households,average_household_size,trips_av_weekday,trips_av_weekend,trips_per_person_weekday,trips_per_person_weekend,trips_per_household_weekday,trips_per_household_weekend,commute1,work_related_business1,education_child_care1,shopping,personal_business1,social_recreation1,serve_passenger1,other,vehicle_driver1,vehicle_passenger1,train1,bus1,walk_only1,other_modes1,commute2,work_related_business2,education_child_care2,shopping2,personal_business2,social_recreation2,serve_passenger2,other2,vehicle_driver2,vehicle_passenger2,train2,bus2,walk_only2,walk_linked5_2,other_modes2,commute3,work_related_business3,education_child_care3,shopping3,personal_business3,social_recreation3,serve_passenger3,other3,vehicle_driver3,vehicle_passenger3,train3,bus3,walk_only3,other_modes3,commute4,work_related_business4,education_child_care4,shopping4,personal_business4,social_recreation4,serve_passenger4,other4,vehicle_driver4,vehicle_passenger4,train4,bus4,walk_only4,walk_linked5_4,other_modes4,private_vehicles,vehicles_per_household,total_travel,total_travel_per_capita,av_trip_length,Vehicle_travel_(VKT),vkt_per_capita,av_work_trip_duration,av_non_work_trip_duration,av_trip_duration_all_purposes,daily_travel_time_per_capita
Ashfield (A),41000,17000,2.40,149000,144000,3.60,3.50,8.70,8.40,25000,9000,9000,29000,12000,40000,22000,3000,63000,25000,12000,9000,43000,3000,252000,74000,42000,102000,57000,238000,120000,12000,477000,175000,112000,40000,38000,30000,24000,0.17,0.06,0.06,0.19,0.08,0.27,0.15,0.02,0.41,0.16,0.08,0.06,0.28,0.02,0.28,0.08,0.05,0.11,0.06,0.27,0.13,0.01,0.53,0.20,0.12,0.04,0.04,0.03,0.03,20000,1.20,896000,21.80,6.00,477000,11.60,35,18,21,76
Auburn (C),76000,25000,3.00,292000,231000,3.90,3.10,11.60,9.20,39000,28000,36000,50000,18000,56000,54000,10000,141000,60000,41000,6000,63000,3000,555000,252000,226000,232000,93000,290000,223000,60000,1027000,273000,493000,22000,50000,54000,10000,0.13,0.10,0.12,0.17,0.06,0.19,0.19,0.03,0.45,0.19,0.13,0.02,0.20,0.01,0.29,0.13,0.12,0.12,0.05,0.15,0.12,0.03,0.53,0.14,0.26,0.01,0.03,0.03,0.01,33000,1.30,1930000,25.50,6.60,1027000,13.60,34,18,21,82
Ballarat (C),80000,34000,2.4,320418,272779,4.0,3.4,9.5,8.1,78000,38000,32000,71000,31000,90000,36000,52000,181000,84000,4000,8000,46000,7000,749000,481000,395000,477000,404000,1146000,260000,450000,1544000,921000,360000,86000,37000,467,33000,0.26,0.13,0.10,0.23,0.10,0.30,0.12,0.17,0.55,0.25,0.01,0.02,0.14,0.02,0.17,0.11,0.09,0.11,0.09,0.26,0.06,0.10,0.52,0.31,0.12,0.03,0.01,0.0002,0.01,500000,2.1,304000,13.2,1.0,38924,1.7,18,16,17,64
Bankstown (C),187000,63000,2.90,608000,595000,3.30,3.20,9.60,9.40,93000,36000,58000,92000,43000,128000,146000,13000,318000,157000,41000,21000,97000,8000,1282000,576000,359000,361000,214000,954000,650000,52000,2574000,870000,683000,80000,81000,59000,103000,0.15,0.06,0.09,0.15,0.07,0.21,0.24,0.02,0.50,0.25,0.06,0.03,0.15,0.01,0.29,0.13,0.08,0.08,0.05,0.21,0.15,0.01,0.58,0.20,0.15,0.02,0.02,0.01,0.02,94000,1.50,4449000,23.80,7.30,2574000,13.80,36,18,21,69
Banyule (C),110000,42000,2.6,432422,416319,3.9,3.8,10.2,9.8,102000,54000,42000,102000,38000,126000,57000,65000,248000,102000,18000,5000,86000,12000,1080000,733000,334000,535000,321000,1086000,366000,540000,2310000,823000,241000,20000,62000,496,57000,0.24,0.13,0.10,0.24,0.09,0.30,0.14,0.16,0.53,0.22,0.04,0.01,0.18,0.03,0.22,0.15,0.07,0.11,0.06,0.22,0.07,0.11,0.66,0.23,0.07,0.01,0.02,0.0001,0.02,701000,2.0,419000,41.4,1.0,16478,1.6,31,17,20,76
Baw Baw (S),24000,11000,2.1,126878,83760,5.3,3.5,11.4,7.5,49000,28000,22000,23000,22000,38000,3000,14000,53000,20000,1000,0,45000,1000,979000,489000,77000,22000,77000,148000,8000,59000,1040000,89000,44000,0,29000,0,0,0.42,0.24,0.19,0.20,0.19,0.32,0.03,0.12,0.44,0.16,0.01,0.00,0.38,0.00,0.53,0.26,0.04,0.01,0.04,0.08,0.00,0.03,0.87,0.07,0.04,0.00,0.02,0.0000,0.00,175000,2.4,117000,228.7,1.0,1630,3.2,19,9,13,65
Bayside (C),86000,34000,2.5,366477,350741,4.3,4.1,10.9,10.4,81000,37000,34000,72000,33000,105000,49000,71000,190000,82000,19000,5000,94000,17000,807000,459000,219000,380000,209000,644000,289000,367000,1408000,499000,232000,21000,69000,506,148000,0.23,0.10,0.10,0.20,0.09,0.30,0.14,0.20,0.47,0.20,0.05,0.01,0.23,0.04,0.24,0.14,0.06,0.11,0.06,0.19,0.09,0.11,0.59,0.21,0.10,0.01,0.03,0.0002,0.06,607000,2.1,353000,51.7,1.0,8945,1.3,30,16,19,77
Blacktown (C),305000,101000,3.00,1050000,891000,3.40,2.90,10.40,8.80,178000,110000,102000,153000,52000,194000,241000,20000,576000,272000,44000,49000,137000,22000,2986000,1871000,707000,768000,394000,2031000,1559000,94000,6311000,2290000,1106000,310000,148000,118000,127000,0.17,0.11,0.10,0.15,0.05,0.18,0.23,0.02,0.52,0.25,0.04,0.04,0.12,0.02,0.29,0.18,0.07,0.07,0.04,0.20,0.15,0.01,0.61,0.22,0.11,0.03,0.01,0.01,0.01,159000,1.60,10410000,34.10,9.90,6311000,20.70,34,19,22,77
Blue Mountains (C),77000,30000,2.60,256000,361000,3.30,4.70,8.60,12.10,33000,25000,26000,40000,26000,55000,42000,8000,134000,51000,13000,12000,54000,10000,692000,532000,228000,344000,364000,496000,423000,42000,1720000,540000,627000,112000,46000,28000,48000,0.13,0.10,0.10,0.16,0.10,0.22,0.16,0.03,0.49,0.19,0.05,0.04,0.20,0.03,0.22,0.17,0.07,0.11,0.12,0.16,0.14,0.01,0.55,0.17,0.20,0.04,0.01,0.01,0.02,50000,1.70,3121000,40.70,12.20,1720000,22.40,40,21,24,81
Boroondara (C),152000,58000,2.6,587445,564183,3.9,3.7,10.1,9.7,146000,67000,57000,124000,53000,174000,62000,110000,289000,148000,35000,6000,181000,44000,1060000,633000,535000,577000,491000,1612000,372000,957000,2306000,1295000,371000,38000,118000,1119,303000,0.25,0.12,0.10,0.21,0.09,0.30,0.11,0.19,0.41,0.21,0.05,0.01,0.26,0.06,0.17,0.10,0.09,0.09,0.08,0.26,0.06,0.15,0.52,0.29,0.08,0.01,0.03,0.0003,0.07,936000,1.9,578000,49.2,1.0,13715,1.2,27,19,21,79
Botany Bay (C),40000,16000,2.60,149000,141000,3.70,3.50,9.50,9.10,22000,9000,12000,21000,10000,37000,33000,5000,65000,35000,2000,19000,30000,3000,187000,126000,42000,56000,51000,378000,158000,13000,518000,255000,37000,140000,21000,19000,23000,0.15,0.06,0.08,0.14,0.07,0.25,0.22,0.03,0.42,0.22,0.01,0.12,0.20,0.02,0.18,0.12,0.04,0.06,0.05,0.37,0.16,0.01,0.51,0.25,0.04,0.14,0.02,0.02,0.02,20000,1.30,1011000,25.20,6.80,518000,12.90,34,21,23,85
Brimbank (C),156000,57000,2.7,490743,397097,3.1,2.5,8.6,7.0,149000,59000,51000,97000,49000,114000,72000,62000,260000,139000,28000,16000,97000,11000,1748000,788000,494000,587000,462000,1005000,427000,558000,2359000,1166000,431000,103000,74000,1884,59000,0.32,0.13,0.11,0.21,0.10,0.25,0.15,0.13,0.47,0.25,0.05,0.03,0.18,0.02,0.29,0.13,0.08,0.10,0.08,0.17,0.07,0.09,0.56,0.28,0.10,0.02,0.02,0.0004,0.01,720000,2.0,465000,56.4,1.0,12209,1.5,30,18,21,62
Burwood (A),33000,12000,2.80,116000,99000,3.60,3.00,9.80,8.30,23000,9000,11000,19000,8000,28000,15000,3000,53000,19000,17000,9000,24000,3000,216000,105000,69000,63000,28000,203000,85000,4000,340000,155000,187000,35000,18000,27000,11000,0.20,0.08,0.10,0.17,0.07,0.24,0.13,0.03,0.43,0.15,0.13,0.07,0.19,0.02,0.28,0.14,0.09,0.08,0.04,0.26,0.11,0.01,0.44,0.20,0.24,0.05,0.02,0.03,0.01,16000,1.30,773000,23.60,6.70,340000,10.40,35,20,23,82
Camden (A),56000,19000,3.00,206000,142000,3.70,2.50,11.10,7.70,30000,22000,21000,28000,11000,51000,37000,6000,128000,55000,4000,6000,17000,3000,714000,505000,211000,226000,134000,766000,384000,57000,2102000,640000,142000,38000,12000,10000,52000,0.15,0.10,0.10,0.13,0.05,0.25,0.18,0.03,0.60,0.26,0.02,0.03,0.08,0.01,0.24,0.17,0.07,0.08,0.04,0.26,0.13,0.02,0.70,0.21,0.05,0.01,0.00,0.00,0.02,41000,2.20,2995000,53.20,14.50,2102000,37.30,36,19,23,83
Campbelltown (C),152000,51000,3.00,503000,390000,3.30,2.60,9.80,7.60,85000,37000,48000,88000,30000,92000,113000,10000,280000,136000,22000,23000,51000,14000,1891000,780000,319000,598000,239000,865000,840000,89000,3549000,1136000,630000,109000,44000,52000,101000,0.17,0.07,0.10,0.17,0.06,0.18,0.22,0.02,0.53,0.26,0.04,0.04,0.10,0.03,0.34,0.14,0.06,0.11,0.04,0.15,0.15,0.02,0.63,0.20,0.11,0.02,0.01,0.01,0.02,82000,1.60,5622000,37.00,11.20,3549000,23.40,40,18,22,73
Canada Bay (A),78000,31000,2.50,322000,274000,4.10,3.50,10.30,8.80,47000,30000,27000,52000,26000,66000,61000,14000,162000,68000,12000,15000,68000,9000,469000,294000,112000,325000,106000,285000,201000,51000,1071000,377000,157000,76000,51000,40000,70000,0.14,0.09,0.08,0.16,0.08,0.21,0.19,0.04,0.49,0.20,0.04,0.04,0.20,0.03,0.25,0.16,0.06,0.18,0.06,0.15,0.11,0.03,0.58,0.20,0.09,0.04,0.03,0.02,0.04,46000,1.50,1843000,23.60,5.70,1071000,13.70,30,17,20,81
Canterbury (C),145000,53000,2.70,464000,450000,3.20,3.10,8.80,8.50,69000,23000,38000,80000,34000,120000,91000,10000,227000,109000,31000,22000,88000,6000,780000,274000,186000,269000,141000,753000,392000,22000,1550000,641000,336000,121000,72000,63000,35000,0.15,0.05,0.08,0.17,0.07,0.26,0.20,0.02,0.47,0.23,0.06,0.05,0.18,0.01,0.28,0.10,0.07,0.10,0.05,0.27,0.14,0.01,0.55,0.23,0.12,0.04,0.03,0.02,0.01,68000,1.30,2817000,19.50,6.10,1550000,10.70,37,18,21,68
Cardinia (S),60000,22000,2.8,201564,177924,3.4,3.0,9.3,8.2,52000,28000,15000,41000,14000,43000,26000,38000,110000,58000,4000,3000,30000,3000,956000,691000,243000,485000,236000,833000,254000,498000,2002000,846000,127000,45000,21000,58,13000,0.27,0.14,0.08,0.21,0.07,0.22,0.13,0.19,0.53,0.28,0.02,0.02,0.14,0.01,0.23,0.16,0.06,0.12,0.06,0.20,0.06,0.12,0.66,0.28,0.04,0.01,0.01,0.0000,0.00,343000,2.2,194000,26.4,1.0,21942,3.0,34,19,23,73
Casey (C),233000,77000,3.0,765797,608612,3.3,2.6,9.9,7.9,214000,86000,74000,148000,66000,199000,92000,95000,388000,228000,17000,23000,113000,10000,3154000,1566000,789000,1145000,750000,2396000,812000,889000,4969000,2250000,460000,136000,84000,827,69000,0.30,0.12,0.11,0.21,0.09,0.28,0.13,0.13,0.50,0.29,0.02,0.03,0.14,0.01,0.27,0.14,0.07,0.10,0.07,0.21,0.07,0.08,0.62,0.28,0.06,0.02,0.01,0.0001,0.01,1294000,2.1,704000,68.1,1.0,20478,2.0,32,18,21,63
Cessnock (C),51000,19000,2.60,166000,154000,3.30,3.00,8.60,7.90,27000,24000,17000,26000,15000,32000,20000,6000,109000,33000,0,8000,15000,3000,348000,441000,122000,262000,179000,459000,116000,95000,1556000,340000,3000,90000,15000,4000,13000,0.16,0.15,0.10,0.16,0.09,0.19,0.12,0.04,0.65,0.20,0.00,0.05,0.09,0.02,0.17,0.22,0.06,0.13,0.09,0.23,0.06,0.05,0.77,0.17,0.00,0.04,0.01,0.00,0.01,39000,2.00,2020000,39.90,12.20,1556000,30.70,26,19,21,69
Darebin (C),126000,51000,2.5,394307,462450,3.1,3.7,7.8,9.1,112000,50000,43000,95000,40000,117000,40000,74000,186000,101000,26000,15000,160000,49000,937000,511000,305000,467000,274000,773000,215000,391000,1235000,672000,325000,130000,118000,1952,237000,0.27,0.12,0.11,0.23,0.10,0.28,0.10,0.18,0.35,0.19,0.05,0.03,0.30,0.09,0.24,0.13,0.08,0.12,0.07,0.20,0.06,0.10,0.45,0.25,0.12,0.05,0.04,0.0007,0.09,544000,1.6,410000,55.8,1.0,6800,0.9,29,19,21,70
Fairfield (C),195000,61000,3.20,594000,570000,3.00,2.90,9.70,9.30,113000,44000,63000,95000,36000,109000,121000,13000,320000,155000,39000,27000,81000,7000,1686000,685000,379000,501000,246000,870000,613000,41000,2731000,1044000,824000,164000,87000,85000,86000,0.19,0.07,0.11,0.16,0.06,0.18,0.20,0.02,0.51,0.25,0.06,0.04,0.13,0.01,0.34,0.14,0.08,0.10,0.05,0.17,0.12,0.01,0.54,0.21,0.16,0.03,0.02,0.02,0.02,97000,1.60,5021000,25.80,8.50,2731000,14.00,35,18,22,68
Frankston (C),113000,45000,2.5,381210,323559,3.4,2.9,8.4,7.1,107000,53000,31000,78000,29000,88000,48000,61000,218000,92000,8000,5000,59000,9000,1485000,934000,382000,520000,371000,1166000,343000,471000,2465000,1093000,234000,35000,53000,489,68000,0.30,0.15,0.09,0.22,0.08,0.24,0.13,0.17,0.56,0.23,0.02,0.01,0.15,0.02,0.26,0.16,0.07,0.09,0.07,0.21,0.06,0.08,0.62,0.28,0.06,0.01,0.01,0.0001,0.02,596000,2.0,361000,37.1,1.0,21653,2.2,30,17,20,64
Glen Eira (C),120000,50000,2.4,512621,435391,4.3,3.6,10.2,8.7,109000,54000,71000,110000,63000,174000,62000,74000,267000,120000,32000,7000,133000,25000,928000,520000,478000,458000,453000,1096000,303000,730000,1987000,725000,348000,51000,94000,2006,155000,0.22,0.11,0.15,0.23,0.13,0.36,0.13,0.15,0.46,0.21,0.05,0.01,0.23,0.04,0.19,0.10,0.10,0.09,0.09,0.22,0.06,0.15,0.59,0.22,0.10,0.02,0.03,0.0006,0.05,752000,1.9,488000,53.2,1.0,10602,1.2,27,17,19,78
Gosford (C),166000,66000,2.50,627000,616000,3.80,3.70,9.50,9.30,80000,53000,46000,114000,55000,148000,119000,13000,351000,150000,23000,26000,93000,16000,2015000,1176000,378000,888000,553000,1403000,916000,116000,4443000,1513000,1115000,172000,77000,60000,64000,0.13,0.09,0.07,0.18,0.09,0.24,0.19,0.02,0.53,0.23,0.03,0.04,0.14,0.02,0.27,0.16,0.05,0.12,0.07,0.19,0.12,0.02,0.60,0.20,0.15,0.02,0.01,0.01,0.01,108000,1.60,7445000,44.90,11.90,4443000,26.80,38,19,22,82
Greater Bendigo (C),89000,37000,2.4,337995,278956,3.8,3.1,9.2,7.6,87000,42000,39000,68000,38000,97000,41000,53000,189000,92000,3000,9000,43000,8000,862000,599000,436000,498000,427000,1237000,278000,562000,1874000,1087000,277000,77000,35000,193,46000,0.27,0.13,0.12,0.21,0.12,0.30,0.13,0.16,0.55,0.27,0.01,0.03,0.12,0.02,0.18,0.12,0.09,0.10,0.09,0.25,0.06,0.11,0.55,0.32,0.08,0.02,0.01,0.0001,0.01,557000,2.1,322000,13.1,1.0,48808,2.0,18,16,17,60
Greater Dandenong (C),119000,45000,2.6,376704,320681,3.2,2.7,8.3,7.1,111000,52000,40000,78000,35000,102000,44000,51000,200000,100000,21000,20000,93000,7000,1270000,686000,297000,415000,282000,910000,338000,385000,1770000,733000,353000,125000,70000,766,33000,0.30,0.14,0.11,0.21,0.10,0.28,0.12,0.14,0.45,0.23,0.05,0.05,0.21,0.01,0.28,0.15,0.06,0.09,0.06,0.20,0.07,0.08,0.57,0.24,0.11,0.04,0.02,0.0002,0.01,544000,1.9,366000,37.3,1.0,14170,1.4,28,19,21,64
Greater Geelong (C),195000,77000,2.5,711027,589390,3.6,3.0,9.2,7.6,161000,83000,73000,162000,70000,196000,78000,123000,393000,183000,13000,16000,111000,15000,2339000,1469000,828000,1050000,753000,2314000,643000,1093000,4334000,2051000,622000,122000,97000,742,70000,0.24,0.12,0.11,0.24,0.10,0.29,0.12,0.18,0.54,0.25,0.02,0.02,0.15,0.02,0.22,0.14,0.08,0.10,0.07,0.22,0.06,0.10,0.59,0.28,0.09,0.02,0.01,0.0001,0.01,1232000,2.1,676000,23.3,1.0,54798,1.9,25,17,18,64
Greater Shepparton (C),57000,21000,2.7,196265,155910,3.5,2.8,9.2,7.3,58000,29000,19000,40000,18000,48000,22000,29000,113000,51000,0,7000,18000,4000,622000,367000,280000,294000,230000,1064000,230000,400000,1472000,846000,18000,182000,16000,8,23000,0.31,0.16,0.10,0.21,0.10,0.26,0.12,0.16,0.59,0.27,0.00,0.04,0.10,0.02,0.18,0.11,0.08,0.08,0.07,0.31,0.07,0.11,0.58,0.33,0.01,0.07,0.01,0.0000,0.01,359000,2.3,185000,7.6,1.0,56796,2.3,15,20,19,62
Hawkesbury (C),63000,22000,2.80,234000,176000,3.70,2.80,10.50,7.90,36000,32000,23000,30000,18000,42000,48000,6000,150000,56000,5000,7000,19000,2000,724000,653000,252000,288000,201000,691000,551000,55000,2428000,721000,144000,81000,20000,13000,7000,0.15,0.14,0.10,0.13,0.08,0.18,0.20,0.02,0.63,0.23,0.02,0.03,0.08,0.01,0.21,0.19,0.07,0.08,0.06,0.20,0.16,0.02,0.71,0.21,0.04,0.02,0.01,0.00,0.00,47000,2.10,3413000,54.20,14.60,2428000,38.50,33,21,24,89
Hobsons Bay (C),77000,31000,2.5,281527,202781,3.7,2.6,9.2,6.6,71000,34000,21000,52000,18000,70000,34000,48000,144000,68000,17000,8000,63000,14000,940000,479000,463000,402000,458000,1047000,217000,461000,1576000,802000,260000,96000,39000,562,39000,0.27,0.13,0.08,0.20,0.07,0.27,0.13,0.18,0.46,0.22,0.05,0.03,0.20,0.04,0.21,0.11,0.10,0.09,0.10,0.23,0.05,0.10,0.56,0.29,0.09,0.03,0.01,0.0002,0.01,411000,1.9,261000,50.5,1.0,9594,1.9,30,20,22,75
Holroyd (C),101000,37000,2.70,340000,273000,3.40,2.70,9.20,7.40,59000,35000,44000,52000,25000,62000,57000,6000,179000,72000,22000,19000,58000,6000,783000,511000,216000,201000,166000,477000,251000,15000,1630000,361000,405000,78000,43000,51000,52000,0.17,0.10,0.13,0.15,0.07,0.18,0.17,0.02,0.50,0.20,0.06,0.05,0.16,0.02,0.30,0.20,0.08,0.08,0.06,0.18,0.10,0.01,0.62,0.14,0.15,0.03,0.02,0.02,0.02,55000,1.50,2619000,25.80,7.70,1630000,16.10,34,18,22,73
Hornsby (A),161000,57000,2.80,618000,557000,3.80,3.40,10.90,9.80,92000,44000,56000,98000,43000,158000,109000,17000,340000,133000,49000,22000,100000,16000,1571000,527000,413000,542000,304000,1460000,664000,59000,3189000,1087000,827000,213000,91000,79000,54000,0.15,0.07,0.09,0.16,0.07,0.26,0.18,0.03,0.52,0.20,0.07,0.03,0.15,0.02,0.28,0.10,0.07,0.10,0.05,0.26,0.12,0.01,0.58,0.20,0.15,0.04,0.02,0.01,0.01,97000,1.70,5540000,34.30,9.00,3189000,19.70,35,20,23,87
Hume (C),144000,49000,2.9,441741,348901,3.1,2.4,9.0,7.1,131000,60000,49000,72000,44000,112000,60000,66000,241000,124000,17000,11000,60000,9000,1932000,1097000,645000,500000,624000,1906000,522000,624000,3300000,1441000,302000,105000,42000,329,94000,0.32,0.14,0.12,0.17,0.11,0.27,0.15,0.16,0.52,0.27,0.04,0.02,0.13,0.02,0.25,0.14,0.08,0.06,0.08,0.24,0.07,0.08,0.62,0.27,0.06,0.02,0.01,0.0001,0.02,726000,2.2,413000,55.3,1.0,15211,2.0,31,20,22,64
Hurstville (C),80000,30000,2.70,293000,304000,3.70,3.80,9.80,10.20,44000,28000,23000,40000,14000,69000,70000,5000,158000,73000,27000,8000,40000,2000,576000,295000,109000,232000,52000,542000,282000,17000,1204000,400000,384000,36000,31000,37000,14000,0.15,0.10,0.08,0.14,0.05,0.23,0.24,0.02,0.51,0.24,0.09,0.03,0.13,0.01,0.27,0.14,0.05,0.11,0.02,0.26,0.13,0.01,0.57,0.19,0.18,0.02,0.01,0.02,0.01,40000,1.40,2105000,26.30,7.20,1204000,15.00,34,17,20,73
Kiama (A),21000,8000,2.60,78000,85000,3.80,4.10,9.70,10.70,11000,7000,7000,11000,5000,25000,10000,2000,48000,18000,0,2000,10000,2000,250000,108000,93000,98000,68000,252000,84000,29000,688000,233000,7000,17000,7000,3000,29000,0.14,0.09,0.09,0.14,0.07,0.32,0.13,0.02,0.60,0.22,0.00,0.02,0.13,0.02,0.25,0.11,0.09,0.10,0.07,0.26,0.09,0.03,0.70,0.24,0.01,0.02,0.01,0.00,0.03,15000,1.80,983000,47.70,12.60,688000,33.40,28,19,21,78
Kingston (C),133000,52000,2.5,464980,383910,3.5,2.9,8.9,7.3,127000,60000,46000,110000,44000,119000,53000,71000,253000,106000,24000,14000,110000,16000,1481000,787000,449000,642000,428000,1406000,416000,387000,2321000,999000,478000,95000,81000,777,63000,0.28,0.13,0.10,0.25,0.10,0.27,0.12,0.16,0.48,0.20,0.05,0.03,0.21,0.03,0.25,0.13,0.07,0.11,0.07,0.23,0.07,0.06,0.57,0.25,0.12,0.02,0.02,0.0002,0.02,734000,1.9,446000,36.9,1.0,18951,1.6,29,18,21,70
Knox (C),148000,51000,2.9,517261,386693,3.5,2.6,10.1,7.6,136000,68000,44000,95000,41000,121000,71000,77000,291000,135000,12000,13000,63000,9000,1611000,1030000,375000,523000,368000,1344000,467000,650000,2923000,1257000,240000,100000,55000,457,36000,0.29,0.14,0.09,0.20,0.09,0.26,0.15,0.16,0.56,0.26,0.02,0.03,0.12,0.02,0.25,0.16,0.06,0.08,0.06,0.21,0.07,0.10,0.63,0.27,0.05,0.02,0.01,0.0001,0.01,993000,2.3,473000,35.6,1.0,22447,1.7,29,17,20,65
Kogarah (C),59000,22000,2.70,217000,206000,3.70,3.50,10.00,9.50,38000,20000,16000,28000,14000,50000,40000,9000,119000,47000,17000,8000,35000,1000,419000,245000,167000,149000,79000,284000,206000,46000,925000,330000,255000,35000,22000,28000,2000,0.18,0.09,0.07,0.13,0.06,0.23,0.19,0.04,0.52,0.21,0.08,0.03,0.15,0.00,0.26,0.15,0.10,0.09,0.05,0.18,0.13,0.03,0.58,0.21,0.16,0.02,0.01,0.02,0.00,33000,1.50,1597000,27.30,7.40,925000,15.80,32,18,21,78
Ku-ring-gai (A),112000,38000,2.90,462000,370000,4.10,3.30,12.10,9.70,63000,30000,40000,80000,29000,113000,90000,16000,253000,99000,42000,13000,82000,8000,782000,324000,281000,407000,151000,865000,417000,47000,1834000,575000,572000,62000,65000,68000,97000,0.14,0.06,0.09,0.17,0.06,0.25,0.20,0.04,0.51,0.20,0.08,0.03,0.17,0.02,0.24,0.10,0.09,0.12,0.05,0.26,0.13,0.01,0.56,0.18,0.17,0.02,0.02,0.02,0.03,70000,1.80,3274000,29.20,7.10,1834000,16.30,35,18,21,85
Lake Macquarie (C),198000,76000,2.60,808000,610000,4.10,3.10,10.60,8.00,93000,65000,58000,161000,77000,191000,149000,13000,493000,194000,8000,27000,86000,12000,1563000,1219000,468000,1200000,751000,1668000,1149000,60000,5390000,1895000,387000,205000,78000,46000,78000,0.12,0.08,0.07,0.20,0.10,0.24,0.18,0.02,0.60,0.24,0.01,0.03,0.10,0.01,0.19,0.15,0.06,0.15,0.09,0.21,0.14,0.01,0.67,0.23,0.05,0.03,0.01,0.01,0.01,134000,1.80,8079000,40.80,10.00,5390000,27.20,26,16,18,74
Lane Cove (A),33000,13000,2.40,137000,92000,4.20,2.80,10.30,6.90,18000,10000,10000,21000,12000,37000,23000,6000,60000,24000,4000,13000,37000,4000,149000,87000,58000,84000,43000,138000,121000,15000,382000,123000,38000,80000,31000,23000,18000,0.13,0.07,0.07,0.15,0.09,0.27,0.17,0.04,0.42,0.17,0.03,0.09,0.26,0.03,0.21,0.13,0.08,0.12,0.06,0.20,0.17,0.02,0.55,0.18,0.05,0.12,0.05,0.03,0.03,20000,1.50,695000,21.30,5.10,382000,11.70,27,17,19,78
Latrobe (C),67000,27000,2.4,234169,193111,3.5,2.9,8.5,7.0,57000,26000,27000,51000,25000,65000,26000,37000,132000,58000,1000,6000,30000,4000,700000,408000,352000,502000,339000,903000,306000,538000,1662000,860000,114000,86000,25000,64,34000,0.26,0.12,0.12,0.23,0.11,0.30,0.12,0.17,0.57,0.25,0.01,0.03,0.13,0.02,0.17,0.10,0.09,0.12,0.08,0.22,0.08,0.13,0.60,0.31,0.04,0.03,0.01,0.0000,0.01,390000,2.2,220000,9.1,1.0,60594,2.5,19,18,18,59
Leichhardt (A),54000,25000,2.20,244000,257000,4.50,4.70,9.70,10.30,42000,25000,16000,45000,14000,68000,21000,12000,80000,30000,6000,31000,91000,17000,336000,201000,84000,118000,43000,252000,87000,24000,593000,159000,52000,141000,61000,52000,87000,0.17,0.10,0.07,0.19,0.06,0.28,0.09,0.05,0.31,0.12,0.02,0.12,0.36,0.07,0.29,0.18,0.07,0.10,0.04,0.22,0.08,0.02,0.52,0.14,0.05,0.12,0.05,0.05,0.08,31000,1.30,1145000,21.00,4.70,593000,10.90,32,16,19,87
Liverpool (C),183000,59000,3.10,596000,586000,3.30,3.20,10.10,9.90,88000,63000,63000,94000,34000,123000,122000,9000,342000,153000,25000,31000,67000,8000,1529000,1146000,600000,582000,268000,1636000,959000,71000,4117000,1733000,595000,163000,59000,67000,57000,0.15,0.11,0.11,0.16,0.06,0.21,0.20,0.02,0.55,0.24,0.04,0.05,0.11,0.01,0.23,0.17,0.09,0.09,0.04,0.24,0.14,0.01,0.61,0.26,0.09,0.02,0.01,0.01,0.01,106000,1.80,6790000,37.00,11.40,4117000,22.50,36,22,25,81
Macedon Ranges (S),19000,7000,2.9,87471,49890,4.7,2.7,13.5,7.7,22000,7000,11000,18000,12000,18000,12000,12000,48000,19000,1000,3000,9000,2000,378000,132000,143000,211000,143000,242000,44000,91000,516000,176000,108000,64000,8000,0,5000,0.29,0.09,0.15,0.24,0.15,0.23,0.16,0.16,0.59,0.23,0.02,0.04,0.11,0.02,0.27,0.10,0.10,0.15,0.10,0.18,0.03,0.07,0.59,0.20,0.12,0.07,0.01,0.0000,0.01,145000,2.3,76000,62.2,1.0,2246,1.8,22,15,16,66
Maitland (C),70000,25000,2.70,239000,167000,3.40,2.40,9.40,6.60,33000,28000,19000,42000,18000,60000,35000,3000,137000,64000,1000,7000,26000,5000,519000,334000,130000,286000,183000,675000,290000,48000,1641000,638000,25000,46000,25000,3000,88000,0.14,0.12,0.08,0.18,0.08,0.25,0.15,0.01,0.57,0.27,0.00,0.03,0.11,0.02,0.21,0.14,0.05,0.12,0.07,0.27,0.12,0.02,0.67,0.26,0.01,0.02,0.01,0.00,0.04,49000,1.90,2465000,35.30,10.30,1641000,23.50,22,17,18,61
Manly (A),41000,17000,2.40,202000,141000,4.90,3.40,11.70,8.20,30000,29000,14000,23000,15000,49000,33000,8000,91000,35000,2000,19000,47000,17000,308000,178000,90000,72000,85000,254000,141000,24000,537000,223000,28000,144000,35000,39000,144000,0.15,0.15,0.07,0.12,0.08,0.24,0.16,0.04,0.43,0.17,0.01,0.09,0.22,0.08,0.27,0.15,0.08,0.06,0.07,0.22,0.12,0.02,0.47,0.19,0.02,0.13,0.03,0.03,0.13,22000,1.30,1151000,27.90,5.70,537000,13.00,27,18,20,99
Manningham (C),113000,39000,2.9,382312,390927,3.4,3.5,9.8,10.0,95000,47000,32000,83000,30000,106000,60000,70000,221000,108000,7000,18000,81000,6000,1010000,596000,315000,584000,306000,996000,434000,647000,2142000,1011000,97000,171000,55000,443,49000,0.25,0.12,0.08,0.21,0.08,0.27,0.16,0.18,0.50,0.25,0.01,0.04,0.18,0.01,0.21,0.12,0.06,0.12,0.06,0.20,0.09,0.13,0.61,0.29,0.03,0.05,0.02,0.0001,0.01,767000,2.2,387000,34.1,1.0,19660,1.7,29,18,20,70
Maribyrnong (C),64000,26000,2.4,214131,202874,3.4,3.2,8.2,7.8,56000,30000,22000,43000,19000,69000,20000,32000,98000,43000,17000,10000,85000,19000,492000,267000,134000,146000,124000,592000,145000,199000,802000,381000,133000,42000,61000,1716,87000,0.27,0.15,0.11,0.21,0.09,0.34,0.10,0.15,0.36,0.16,0.06,0.04,0.31,0.07,0.23,0.13,0.06,0.07,0.06,0.28,0.07,0.09,0.53,0.25,0.09,0.03,0.04,0.0011,0.06,289000,1.7,207000,35.5,1.0,7383,1.3,27,20,22,71
Maroondah (C),95000,37000,2.6,343783,298303,3.6,3.1,9.3,8.1,86000,44000,38000,74000,35000,85000,42000,60000,189000,88000,12000,7000,65000,6000,1133000,667000,364000,357000,340000,837000,288000,372000,1735000,762000,274000,54000,56000,461,10000,0.26,0.13,0.11,0.22,0.10,0.26,0.13,0.18,0.52,0.24,0.03,0.02,0.18,0.02,0.26,0.15,0.08,0.08,0.08,0.19,0.07,0.09,0.60,0.26,0.09,0.02,0.02,0.0002,0.00,563000,2.1,330000,34.6,1.0,15316,1.6,29,16,19,67
Marrickville (A),77000,34000,2.30,292000,285000,3.80,3.70,8.60,8.40,61000,24000,19000,46000,21000,73000,37000,12000,115000,40000,27000,26000,87000,14000,484000,248000,66000,138000,67000,315000,165000,22000,795000,221000,183000,113000,72000,63000,58000,0.21,0.08,0.06,0.16,0.07,0.25,0.13,0.04,0.37,0.13,0.09,0.08,0.28,0.04,0.32,0.16,0.04,0.09,0.04,0.21,0.11,0.01,0.53,0.15,0.12,0.08,0.05,0.04,0.04,37000,1.10,1505000,19.40,5.10,795000,10.30,34,20,23,87
Melbourne (C),61000,34000,1.8,277118,328546,4.5,5.4,8.2,9.7,105000,55000,28000,58000,26000,99000,20000,37000,84000,22000,9000,3000,225000,58000,522000,293000,236000,156000,202000,526000,196000,287000,865000,185000,212000,9000,162000,742,155000,0.35,0.18,0.09,0.20,0.09,0.33,0.07,0.12,0.21,0.05,0.02,0.01,0.56,0.15,0.22,0.12,0.10,0.06,0.08,0.22,0.08,0.12,0.54,0.12,0.13,0.01,0.10,0.0005,0.10,233000,1.2,297000,86.2,1.0,3879,1.1,21,21,21,102
Melton (S),87000,30000,2.9,281863,295548,3.3,3.4,9.4,9.9,80000,40000,29000,51000,30000,72000,36000,64000,160000,99000,13000,4000,42000,6000,1538000,936000,291000,383000,282000,714000,287000,602000,2236000,867000,282000,31000,33000,600,19000,0.28,0.14,0.10,0.18,0.10,0.25,0.13,0.22,0.49,0.30,0.04,0.01,0.13,0.02,0.31,0.19,0.06,0.08,0.06,0.14,0.06,0.12,0.64,0.25,0.08,0.01,0.01,0.0002,0.01,503000,2.2,287000,47.9,1.0,12411,2.1,39,16,22,72
Mitchell (S),22000,7000,3.1,85403,32280,3.9,1.5,11.9,4.5,33000,13000,5000,12000,4000,14000,14000,14000,46000,27000,3000,2000,12000,2000,704000,270000,40000,146000,29000,140000,111000,149000,697000,422000,65000,50000,6000,153,4000,0.41,0.16,0.06,0.15,0.05,0.17,0.17,0.17,0.50,0.29,0.03,0.03,0.13,0.02,0.44,0.17,0.02,0.09,0.02,0.09,0.07,0.09,0.56,0.34,0.05,0.04,0.00,0.0001,0.00,202000,2.9,81000,56.8,1.0,3378,2.4,29,17,21,75
Monash (C),162000,60000,2.7,500015,447485,3.1,2.8,8.4,7.5,142000,68000,48000,105000,45000,136000,55000,70000,285000,117000,25000,12000,117000,15000,1532000,791000,346000,731000,321000,1311000,362000,582000,2508000,1108000,374000,89000,86000,1336,76000,0.29,0.14,0.10,0.22,0.09,0.28,0.12,0.15,0.50,0.20,0.04,0.02,0.20,0.03,0.26,0.13,0.06,0.12,0.05,0.22,0.06,0.10,0.59,0.26,0.09,0.02,0.02,0.0003,0.02,879000,2.1,481000,39.5,1.0,18610,1.5,28,19,21,62
Moonee Valley (C),107000,42000,2.5,369818,318037,3.4,3.0,8.8,7.5,108000,49000,39000,78000,37000,102000,42000,54000,176000,78000,25000,12000,136000,32000,1151000,464000,288000,360000,508000,1113000,232000,585000,1830000,754000,206000,46000,95000,1961,142000,0.31,0.14,0.11,0.22,0.11,0.29,0.12,0.15,0.38,0.17,0.05,0.03,0.30,0.07,0.24,0.10,0.06,0.08,0.11,0.24,0.05,0.12,0.60,0.25,0.07,0.01,0.03,0.0006,0.05,583000,1.9,354000,40.7,1.0,11903,1.4,29,20,22,73
Moorabool (S),18000,6000,3.0,62677,24871,3.5,1.4,10.7,4.2,14000,11000,5000,11000,5000,11000,6000,10000,35000,15000,1000,1000,5000,0,329000,279000,28000,102000,28000,107000,51000,62000,514000,187000,31000,50000,4000,0,1000,0.27,0.20,0.10,0.20,0.10,0.21,0.10,0.20,0.61,0.26,0.02,0.02,0.09,0.01,0.33,0.28,0.03,0.10,0.03,0.11,0.05,0.06,0.65,0.24,0.04,0.06,0.00,0.0000,0.00,89000,2.0,54000,59.8,1.0,3073,3.4,32,15,20,59
Moreland (C),129000,54000,2.4,501339,441119,3.9,3.4,9.3,8.2,132000,63000,59000,88000,53000,156000,55000,71000,227000,111000,18000,10000,154000,59000,1088000,618000,497000,507000,457000,1177000,286000,651000,1933000,970000,220000,45000,102000,1632,265000,0.28,0.13,0.13,0.19,0.11,0.33,0.12,0.15,0.39,0.19,0.03,0.02,0.27,0.10,0.21,0.12,0.09,0.10,0.09,0.22,0.05,0.12,0.55,0.27,0.06,0.01,0.03,0.0005,0.07,673000,1.7,471000,67.3,1.0,8701,1.2,29,19,21,77
Mornington Peninsula (S),122000,51000,2.4,476483,398694,3.9,3.3,9.3,7.8,116000,57000,63000,119000,62000,138000,47000,71000,302000,110000,4000,16000,52000,8000,1994000,1043000,699000,944000,700000,1591000,453000,752000,3901000,1152000,93000,180000,38000,814,47000,0.26,0.13,0.14,0.26,0.14,0.30,0.10,0.16,0.61,0.22,0.01,0.03,0.11,0.02,0.24,0.13,0.09,0.12,0.09,0.19,0.06,0.09,0.72,0.21,0.02,0.03,0.01,0.0002,0.01,729000,2.1,455000,74.1,1.0,17818,2.9,26,18,20,74
Mosman (A),29000,12000,2.30,136000,102000,4.70,3.60,10.90,8.20,18000,8000,9000,18000,11000,40000,23000,9000,54000,26000,0,17000,38000,10000,139000,45000,48000,54000,35000,153000,73000,22000,268000,116000,0,82000,27000,30000,46000,0.13,0.06,0.07,0.13,0.08,0.30,0.17,0.06,0.37,0.18,0.00,0.12,0.26,0.07,0.24,0.08,0.08,0.10,0.06,0.27,0.13,0.04,0.47,0.20,0.00,0.14,0.05,0.05,0.08,17000,1.30,569000,19.70,4.20,268000,9.30,30,17,19,89
Newcastle (C),153000,65000,2.40,629000,567000,4.10,3.70,9.70,8.80,89000,44000,39000,121000,54000,170000,95000,15000,351000,146000,4000,18000,105000,14000,823000,588000,213000,551000,302000,861000,524000,129000,2814000,854000,70000,87000,90000,30000,45000,0.14,0.07,0.06,0.19,0.09,0.27,0.15,0.02,0.55,0.23,0.01,0.03,0.16,0.02,0.21,0.15,0.05,0.14,0.08,0.22,0.13,0.03,0.71,0.21,0.02,0.02,0.02,0.01,0.01,93000,1.40,3991000,26.20,6.30,2814000,18.50,22,15,17,69
Nillumbik (S),63000,19000,3.3,218363,212100,3.5,3.4,11.5,11.1,56000,29000,24000,44000,23000,63000,30000,36000,130000,62000,9000,5000,36000,3000,748000,508000,219000,379000,199000,814000,245000,420000,1549000,754000,198000,30000,32000,543,16000,0.26,0.13,0.11,0.20,0.11,0.29,0.14,0.17,0.53,0.25,0.04,0.02,0.15,0.01,0.21,0.14,0.06,0.11,0.06,0.23,0.07,0.12,0.60,0.29,0.08,0.01,0.01,0.0002,0.01,471000,2.4,217000,22.0,1.0,20303,2.1,35,20,23,81
North Sydney (A),64000,34000,1.90,276000,242000,4.30,3.80,8.20,7.20,55000,21000,10000,51000,21000,77000,24000,18000,90000,33000,20000,20000,108000,12000,394000,227000,43000,115000,69000,385000,104000,32000,712000,235000,128000,94000,84000,54000,61000,0.20,0.07,0.04,0.18,0.07,0.28,0.09,0.07,0.32,0.12,0.07,0.07,0.38,0.04,0.29,0.17,0.03,0.08,0.05,0.28,0.08,0.02,0.52,0.17,0.09,0.07,0.06,0.04,0.04,37000,1.10,1368000,21.50,5.00,712000,11.20,30,16,19,83
Parramatta (C),168000,63000,2.70,605000,475000,3.60,2.80,9.60,7.50,113000,60000,56000,94000,35000,114000,121000,12000,317000,135000,44000,33000,98000,7000,1615000,738000,323000,450000,229000,805000,652000,53000,2811000,779000,796000,195000,89000,99000,98000,0.19,0.10,0.09,0.16,0.06,0.19,0.20,0.02,0.50,0.21,0.07,0.05,0.15,0.01,0.33,0.15,0.07,0.09,0.05,0.17,0.13,0.01,0.58,0.16,0.16,0.04,0.02,0.02,0.02,88000,1.40,4867000,28.90,8.00,2811000,16.70,36,19,23,82
Penrith (C),184000,64000,2.90,689000,601000,3.70,3.30,10.80,9.40,105000,84000,76000,93000,46000,130000,139000,16000,404000,177000,22000,19000,82000,7000,2170000,1849000,505000,610000,365000,1362000,1088000,88000,5495000,1650000,624000,115000,70000,51000,32000,0.15,0.12,0.11,0.14,0.07,0.19,0.20,0.02,0.57,0.25,0.03,0.03,0.12,0.01,0.27,0.23,0.06,0.08,0.05,0.17,0.14,0.01,0.68,0.21,0.08,0.01,0.01,0.01,0.00,118000,1.90,8037000,43.60,11.70,5495000,29.80,35,16,21,77
Pittwater (A),59000,22000,2.70,257000,141000,4.30,2.40,11.80,6.40,33000,23000,17000,40000,23000,65000,45000,10000,141000,54000,1000,11000,46000,23000,519000,270000,153000,156000,142000,438000,274000,47000,1289000,385000,15000,120000,41000,44000,106000,0.13,0.09,0.07,0.15,0.09,0.26,0.18,0.04,0.51,0.20,0.00,0.04,0.17,0.08,0.26,0.14,0.08,0.08,0.07,0.22,0.14,0.02,0.64,0.19,0.01,0.06,0.02,0.02,0.05,40000,1.80,2000000,33.70,7.80,1289000,21.70,30,18,20,86
Port Phillip (C),71000,39000,1.8,323269,337950,4.5,4.7,8.2,8.6,95000,58000,35000,69000,32000,112000,27000,46000,135000,45000,17000,6000,182000,53000,770000,544000,260000,250000,236000,599000,169000,314000,1117000,505000,124000,34000,127000,1064,230000,0.29,0.18,0.11,0.21,0.10,0.34,0.08,0.14,0.31,0.10,0.04,0.01,0.42,0.12,0.25,0.17,0.08,0.08,0.08,0.19,0.05,0.10,0.52,0.24,0.06,0.02,0.06,0.0005,0.11,317000,1.3,327000,65.1,1.0,7062,1.4,29,19,22,100
Port Stephens (A),67000,26000,2.60,219000,194000,3.30,2.90,8.40,7.50,30000,28000,17000,40000,15000,50000,32000,8000,143000,52000,0,7000,17000,0,513000,464000,194000,350000,217000,803000,269000,101000,2059000,761000,0,73000,13000,5000,1000,0.14,0.13,0.08,0.18,0.07,0.23,0.15,0.04,0.65,0.24,0.00,0.03,0.08,0.00,0.18,0.16,0.07,0.12,0.07,0.28,0.09,0.03,0.71,0.26,0.00,0.03,0.00,0.00,0.00,48000,1.80,2911000,43.50,13.30,2059000,30.80,27,17,19,63
Randwick (C),128000,54000,2.40,539000,516000,4.20,4.00,9.90,9.50,81000,47000,39000,86000,29000,152000,83000,22000,224000,115000,5000,57000,140000,14000,658000,461000,156000,288000,125000,593000,415000,46000,1520000,582000,89000,315000,107000,65000,63000,0.15,0.09,0.07,0.16,0.05,0.28,0.15,0.04,0.40,0.21,0.01,0.10,0.25,0.03,0.24,0.17,0.06,0.11,0.05,0.22,0.15,0.02,0.55,0.21,0.03,0.12,0.04,0.02,0.02,68000,1.20,2742000,21.40,5.10,1520000,11.80,30,16,19,79
Rockdale (C),102000,39000,2.60,323000,318000,3.20,3.10,8.20,8.10,55000,33000,36000,53000,22000,50000,67000,7000,163000,68000,43000,21000,54000,3000,624000,352000,298000,152000,153000,332000,261000,30000,1173000,338000,488000,85000,45000,58000,15000,0.17,0.10,0.11,0.17,0.07,0.15,0.21,0.02,0.46,0.19,0.12,0.06,0.15,0.01,0.28,0.16,0.14,0.07,0.07,0.15,0.12,0.01,0.53,0.15,0.22,0.04,0.02,0.03,0.01,54000,1.40,2202000,21.60,6.80,1173000,11.50,34,19,22,71
Ryde (C),104000,41000,2.50,390000,345000,3.70,3.30,9.40,8.30,75000,32000,28000,70000,20000,93000,60000,12000,193000,94000,23000,29000,63000,9000,868000,401000,184000,284000,104000,681000,312000,35000,1499000,604000,339000,239000,58000,69000,61000,0.19,0.08,0.07,0.18,0.05,0.24,0.15,0.03,0.47,0.23,0.06,0.07,0.15,0.02,0.30,0.14,0.06,0.10,0.04,0.24,0.11,0.01,0.52,0.21,0.12,0.08,0.02,0.02,0.02,62000,1.50,2868000,27.50,7.30,1499000,14.40,33,19,22,82
Shellharbour (C),67000,24000,2.80,273000,181000,4.00,2.70,11.40,7.50,35000,33000,27000,40000,20000,65000,48000,5000,155000,73000,2000,7000,35000,7000,469000,757000,157000,226000,171000,675000,344000,41000,1956000,732000,28000,74000,21000,6000,23000,0.13,0.12,0.10,0.15,0.07,0.24,0.18,0.02,0.56,0.26,0.01,0.02,0.12,0.03,0.17,0.27,0.06,0.08,0.06,0.24,0.12,0.01,0.69,0.26,0.01,0.03,0.01,0.00,0.01,46000,1.90,2840000,42.10,10.40,1956000,29.00,24,15,17,69
Shoalhaven (C),96000,39000,2.50,353000,323000,3.70,3.40,9.10,8.30,33000,33000,19000,63000,39000,100000,56000,10000,200000,95000,3000,8000,46000,8000,472000,566000,124000,775000,432000,1541000,615000,82000,2518000,1653000,174000,71000,42000,18000,131000,0.09,0.09,0.05,0.18,0.11,0.28,0.16,0.03,0.56,0.26,0.01,0.02,0.13,0.02,0.10,0.12,0.03,0.17,0.09,0.33,0.13,0.02,0.55,0.36,0.04,0.02,0.01,0.00,0.03,67000,1.70,4608000,48.10,13.10,2518000,26.30,23,20,20,75
Stonnington (C),86000,38000,2.3,333671,331152,3.9,3.9,8.8,8.8,86000,47000,40000,77000,38000,116000,24000,54000,147000,64000,33000,4000,176000,35000,708000,423000,402000,287000,397000,973000,106000,327000,1214000,602000,292000,22000,101000,1164,132000,0.26,0.14,0.12,0.23,0.11,0.35,0.07,0.16,0.32,0.14,0.07,0.01,0.38,0.08,0.20,0.12,0.11,0.08,0.11,0.27,0.03,0.09,0.51,0.25,0.12,0.01,0.04,0.0005,0.06,454000,1.6,336000,38.0,1.0,9492,1.1,26,20,21,84
Strathfield (A),36000,13000,2.80,101000,146000,2.80,4.00,7.90,11.40,20000,10000,8000,17000,7000,20000,17000,3000,49000,17000,12000,5000,23000,1000,255000,108000,55000,58000,28000,124000,60000,9000,382000,110000,135000,20000,19000,20000,12000,0.19,0.09,0.08,0.17,0.07,0.20,0.17,0.03,0.46,0.16,0.11,0.05,0.21,0.01,0.37,0.15,0.08,0.08,0.04,0.18,0.09,0.01,0.55,0.16,0.19,0.03,0.03,0.03,0.02,20000,1.50,698000,19.20,6.90,382000,10.50,34,19,23,63
Sutherland Shire (A),219000,81000,2.70,921000,773000,4.20,3.50,11.30,9.50,127000,80000,75000,138000,63000,248000,157000,32000,512000,223000,51000,20000,137000,18000,2116000,1014000,592000,765000,363000,1887000,972000,155000,4811000,1712000,974000,89000,100000,81000,99000,0.14,0.09,0.08,0.15,0.07,0.27,0.17,0.04,0.53,0.23,0.05,0.02,0.14,0.02,0.27,0.13,0.08,0.10,0.05,0.24,0.12,0.02,0.61,0.22,0.12,0.01,0.01,0.01,0.01,148000,1.80,7865000,35.90,8.50,4811000,21.90,33,17,20,84
Sydney (C),175000,92000,1.90,745000,787000,4.30,4.50,8.10,8.60,147000,53000,43000,137000,50000,205000,53000,56000,168000,56000,43000,76000,386000,40000,976000,347000,134000,250000,124000,816000,190000,85000,1336000,326000,383000,259000,312000,152000,156000,0.20,0.07,0.06,0.18,0.07,0.27,0.07,0.08,0.22,0.07,0.06,0.10,0.50,0.05,0.33,0.12,0.05,0.09,0.04,0.28,0.07,0.03,0.46,0.11,0.13,0.09,0.11,0.05,0.05,72000,0.80,2923000,16.70,3.90,1336000,7.60,30,16,19,83
Warringah (A),144000,55000,2.60,556000,615000,3.90,4.30,10.10,11.10,79000,35000,43000,96000,47000,138000,97000,19000,304000,119000,6000,38000,90000,16000,959000,395000,273000,419000,312000,978000,531000,64000,2489000,777000,63000,353000,61000,60000,129000,0.14,0.06,0.08,0.17,0.09,0.25,0.17,0.04,0.53,0.21,0.01,0.07,0.16,0.03,0.24,0.10,0.07,0.11,0.08,0.25,0.14,0.02,0.63,0.20,0.02,0.09,0.02,0.02,0.03,96000,1.70,3931000,27.40,7.10,2489000,17.30,30,17,19,75
Waverley (A),68000,31000,2.20,305000,317000,4.50,4.60,9.80,10.10,41000,22000,19000,48000,21000,95000,47000,12000,120000,48000,11000,29000,93000,18000,338000,180000,55000,139000,73000,264000,171000,33000,664000,225000,65000,114000,70000,41000,73000,0.14,0.07,0.06,0.16,0.07,0.31,0.15,0.04,0.38,0.15,0.04,0.09,0.29,0.06,0.27,0.14,0.04,0.11,0.06,0.21,0.14,0.03,0.53,0.18,0.05,0.09,0.06,0.03,0.06,34000,1.10,1252000,18.30,4.10,664000,9.70,31,17,19,85
Whitehorse (C),146000,56000,2.6,519245,455328,3.6,3.1,9.3,8.2,140000,67000,44000,108000,39000,148000,73000,68000,301000,123000,20000,17000,105000,18000,1556000,1055000,364000,540000,333000,2012000,434000,463000,2790000,1191000,339000,447000,76000,1280,123000,0.28,0.13,0.09,0.21,0.08,0.29,0.15,0.14,0.52,0.21,0.03,0.03,0.18,0.03,0.23,0.16,0.05,0.08,0.05,0.30,0.06,0.07,0.56,0.24,0.07,0.09,0.02,0.0003,0.02,834000,1.9,503000,50.4,1.0,15197,1.5,33,18,21,74
Whittlesea (C),134000,45000,3.0,400036,332279,3.0,2.5,9.0,7.5,119000,54000,36000,82000,32000,103000,40000,55000,220000,106000,9000,11000,64000,7000,1503000,893000,283000,542000,272000,1057000,312000,472000,2448000,1061000,171000,87000,44000,811,19000,0.32,0.15,0.10,0.22,0.09,0.28,0.11,0.15,0.53,0.26,0.02,0.03,0.15,0.02,0.28,0.17,0.05,0.10,0.05,0.20,0.06,0.09,0.64,0.28,0.04,0.02,0.01,0.0002,0.00,704000,2.2,374000,42.1,1.0,16367,1.8,32,18,22,61
Willoughby (C),69000,28000,2.50,306000,247000,4.40,3.60,11.00,8.90,44000,14000,22000,50000,26000,82000,58000,11000,131000,66000,19000,16000,76000,9000,363000,121000,138000,152000,199000,493000,250000,20000,881000,396000,172000,86000,62000,43000,95000,0.14,0.05,0.07,0.16,0.09,0.27,0.19,0.04,0.41,0.21,0.06,0.05,0.24,0.03,0.21,0.07,0.08,0.09,0.11,0.28,0.14,0.01,0.51,0.23,0.10,0.05,0.04,0.02,0.05,37000,1.30,1736000,25.00,5.70,881000,12.70,29,18,20,87
Wingecarribee (A),46000,18000,2.50,169000,123000,3.70,2.70,9.30,6.80,16000,17000,12000,32000,20000,42000,25000,5000,104000,41000,1000,6000,18000,3000,361000,389000,143000,267000,256000,595000,268000,30000,1661000,487000,32000,88000,26000,8000,9000,0.10,0.10,0.07,0.19,0.12,0.25,0.15,0.03,0.60,0.24,0.00,0.04,0.10,0.02,0.16,0.17,0.06,0.12,0.11,0.26,0.12,0.01,0.72,0.21,0.01,0.04,0.01,0.00,0.00,35000,1.90,2310000,50.50,13.70,1661000,36.30,26,18,19,72
Wollondilly (A),44000,15000,3.00,170000,141000,3.90,3.20,11.60,9.70,27000,16000,24000,27000,11000,29000,31000,5000,106000,38000,4000,9000,16000,4000,940000,288000,416000,406000,136000,397000,333000,34000,1992000,533000,189000,175000,17000,10000,34000,0.16,0.10,0.14,0.16,0.07,0.17,0.18,0.03,0.60,0.21,0.02,0.05,0.09,0.02,0.32,0.10,0.14,0.14,0.05,0.13,0.11,0.01,0.68,0.18,0.06,0.06,0.01,0.00,0.01,32000,2.20,2950000,67.20,17.40,1992000,45.40,41,23,27,104
Wollongong (C),201000,79000,2.50,825000,812000,4.10,4.00,10.50,10.30,97000,78000,61000,145000,55000,241000,132000,16000,432000,192000,20000,24000,158000,22000,1873000,1400000,359000,845000,397000,1918000,862000,67000,4671000,1718000,822000,154000,130000,67000,160000,0.12,0.09,0.07,0.18,0.07,0.29,0.16,0.02,0.51,0.23,0.02,0.03,0.19,0.03,0.24,0.18,0.05,0.11,0.05,0.25,0.11,0.01,0.60,0.22,0.11,0.02,0.02,0.01,0.02,124000,1.60,7721000,38.50,9.40,4671000,23.30,29,15,18,72
Woollahra (A),55000,25000,2.20,254000,240000,4.60,4.40,10.10,9.60,36000,20000,11000,42000,21000,72000,35000,16000,108000,38000,11000,15000,78000,14000,282000,249000,39000,98000,85000,286000,186000,25000,746000,201000,68000,65000,55000,38000,77000,0.14,0.08,0.04,0.16,0.08,0.29,0.14,0.06,0.41,0.14,0.04,0.06,0.30,0.05,0.23,0.20,0.03,0.08,0.07,0.23,0.15,0.02,0.60,0.16,0.05,0.05,0.04,0.03,0.06,35000,1.40,1251000,22.80,4.90,746000,13.60,30,16,18,86
Wyndham (C),129000,44000,2.9,471651,392663,3.7,3.1,10.7,8.9,152000,70000,40000,72000,34000,99000,85000,76000,253000,134000,20000,14000,86000,10000,2437000,1193000,414000,447000,374000,979000,772000,647000,2972000,1226000,448000,219000,63000,1339,41000,0.34,0.16,0.09,0.16,0.08,0.22,0.19,0.17,0.49,0.26,0.04,0.03,0.17,0.02,0.34,0.16,0.06,0.06,0.05,0.13,0.11,0.09,0.60,0.25,0.09,0.04,0.01,0.0003,0.01,758000,2.1,444000,59.1,1.0,15261,2.0,32,17,21,73
Wyong (A),150000,59000,2.60,591000,467000,3.90,3.10,10.10,8.00,66000,56000,46000,101000,59000,143000,110000,10000,345000,162000,12000,18000,65000,5000,1555000,1400000,482000,874000,691000,1538000,1059000,82000,4848000,1864000,668000,168000,61000,30000,42000,0.11,0.09,0.08,0.17,0.10,0.24,0.19,0.02,0.57,0.27,0.02,0.03,0.11,0.01,0.20,0.18,0.06,0.11,0.09,0.20,0.14,0.01,0.63,0.24,0.09,0.02,0.01,0.00,0.01,96000,1.60,7681000,51.10,13.00,4848000,32.30,35,18,21,82
Yarra (C),65000,31000,2.1,263359,293003,4.0,4.5,8.5,9.5,82000,43000,30000,63000,27000,91000,13000,38000,86000,39000,14000,3000,161000,51000,493000,334000,225000,181000,219000,654000,86000,146000,780000,337000,122000,26000,100000,949,165000,0.30,0.16,0.11,0.24,0.10,0.34,0.05,0.14,0.24,0.11,0.04,0.01,0.45,0.15,0.21,0.14,0.10,0.08,0.09,0.28,0.04,0.06,0.51,0.22,0.08,0.02,0.07,0.0006,0.11,283000,1.3,268000,41.0,1.0,7332,1.1,26,19,21,85
Yarra Ranges (S),132000,48000,2.7,503149,509364,3.8,3.9,10.4,10.5,129000,72000,48000,112000,47000,139000,64000,89000,315000,131000,16000,10000,63000,9000,1868000,1296000,367000,733000,369000,1526000,625000,684000,3643000,1122000,394000,64000,57000,564,35000,0.26,0.15,0.10,0.23,0.10,0.28,0.13,0.18,0.58,0.24,0.03,0.02,0.12,0.02,0.25,0.17,0.05,0.10,0.05,0.20,0.08,0.09,0.69,0.21,0.07,0.01,0.01,0.0001,0.01,911000,2.3,496000,52.2,1.0,21826,2.3,30,18,21,78
